[    1059ms] [ERROR] No se pudieron cargar las notas de versión: TypeError: Cannot read properties of undefined (reading 'invoke')
    at invoke (http://localhost:1420/node_modules/.vite/deps/chunk-WOG7CFV5.js?v=20a9927a:103:37)
    at getVersion (http://localhost:1420/node_modules/.vite/deps/@tauri-apps_api_app.js?v=20a9927a:86:10)
    at http://localhost:1420/src/routes/+layout.svelte:46:58
    at http://localhost:1420/src/routes/+layout.svelte:53:5
    at untrack (http://localhost:1420/node_modules/.vite/deps/chunk-4C5QYTGH.js?v=20a9927a:4508:12)
    at $effect (http://localhost:1420/node_modules/.vite/deps/chunk-CQW2YQAB.js?v=20a9927a:4287:23)
    at update_reaction (http://localhost:1420/node_modules/.vite/deps/chunk-4C5QYTGH.js?v=20a9927a:4190:18)
    at update_effect (http://localhost:1420/node_modules/.vite/deps/chunk-4C5QYTGH.js?v=20a9927a:4331:21)
    at flush_queued_effects (http://localhost:1420/node_modules/.vite/deps/chunk-4C5QYTGH.js?v=20a9927a:3310:7)
    at _Batch.process_fn (http://localhost:1420/node_modules/.vite/deps/chunk-4C5QYTGH.js?v=20a9927a:3002:3) @ http://localhost:1420/src/routes/+layout.svelte:48
[    1060ms] [ERROR] No se pudo cargar la biblioteca: TypeError: Cannot read properties of undefined (reading 'invoke')
    at invoke (http://localhost:1420/node_modules/.vite/deps/chunk-WOG7CFV5.js?v=20a9927a:103:37)
    at appDataDir (http://localhost:1420/node_modules/.vite/deps/chunk-KZT2256T.js?v=20a9927a:38:10)
    at resolveAbsolute (http://localhost:1420/src/lib/persist/atomic.ts:12:27)
    at readJson (http://localhost:1420/src/lib/persist/atomic.ts:27:24)
    at LibraryStore.load (http://localhost:1420/src/lib/state/library.svelte.ts:53:48)
    at http://localhost:1420/src/routes/+page.svelte:32:55
    at untrack (http://localhost:1420/node_modules/.vite/deps/chunk-4C5QYTGH.js?v=20a9927a:4508:12)
    at $effect (http://localhost:1420/node_modules/.vite/deps/chunk-CQW2YQAB.js?v=20a9927a:4287:23)
    at update_reaction (http://localhost:1420/node_modules/.vite/deps/chunk-4C5QYTGH.js?v=20a9927a:4190:18)
    at update_effect (http://localhost:1420/node_modules/.vite/deps/chunk-4C5QYTGH.js?v=20a9927a:4331:21) @ http://localhost:1420/src/lib/state/library.svelte.ts:57
[    1060ms] [ERROR] No se pudo cargar settings.json: TypeError: Cannot read properties of undefined (reading 'invoke')
    at invoke (http://localhost:1420/node_modules/.vite/deps/chunk-WOG7CFV5.js?v=20a9927a:103:37)
    at appDataDir (http://localhost:1420/node_modules/.vite/deps/chunk-KZT2256T.js?v=20a9927a:38:10)
    at resolveAbsolute (http://localhost:1420/src/lib/persist/atomic.ts:12:27)
    at readJson (http://localhost:1420/src/lib/persist/atomic.ts:27:24)
    at UiSettingsStore.load (http://localhost:1420/src/lib/state/uiLocale.svelte.ts:56:52)
    at http://localhost:1420/src/routes/+page.svelte:32:92
    at untrack (http://localhost:1420/node_modules/.vite/deps/chunk-4C5QYTGH.js?v=20a9927a:4508:12)
    at $effect (http://localhost:1420/node_modules/.vite/deps/chunk-CQW2YQAB.js?v=20a9927a:4287:23)
    at update_reaction (http://localhost:1420/node_modules/.vite/deps/chunk-4C5QYTGH.js?v=20a9927a:4190:18)
    at update_effect (http://localhost:1420/node_modules/.vite/deps/chunk-4C5QYTGH.js?v=20a9927a:4331:21) @ http://localhost:1420/src/lib/state/uiLocale.svelte.ts:62
[    1073ms] [ERROR] No se pudo cargar el índice de ensayos: TypeError: Cannot read properties of undefined (reading 'invoke')
    at invoke (http://localhost:1420/node_modules/.vite/deps/chunk-WOG7CFV5.js?v=20a9927a:103:37)
    at appDataDir (http://localhost:1420/node_modules/.vite/deps/chunk-KZT2256T.js?v=20a9927a:38:10)
    at resolveAbsolute (http://localhost:1420/src/lib/persist/atomic.ts:12:27)
    at fileExists (http://localhost:1420/src/lib/persist/atomic.ts:38:29)
    at #migrateLegacyDraft (http://localhost:1420/src/lib/state/essays.svelte.ts:73:39)
    at EssaysStore.loadIndex (http://localhost:1420/src/lib/state/essays.svelte.ts:50:59)
    at http://localhost:1420/src/routes/+page.svelte:32:70
    at untrack (http://localhost:1420/node_modules/.vite/deps/chunk-4C5QYTGH.js?v=20a9927a:4508:12)
    at $effect (http://localhost:1420/node_modules/.vite/deps/chunk-CQW2YQAB.js?v=20a9927a:4287:23)
    at update_reaction (http://localhost:1420/node_modules/.vite/deps/chunk-4C5QYTGH.js?v=20a9927a:4190:18) @ http://localhost:1420/src/lib/state/essays.svelte.ts:65
[    1079ms] [ERROR] No se pudo comprobar actualizaciones: TypeError: Cannot read properties of undefined (reading 'invoke')
    at invoke (http://localhost:1420/node_modules/.vite/deps/chunk-WOG7CFV5.js?v=20a9927a:103:37)
    at Object.check (http://localhost:1420/node_modules/.vite/deps/@tauri-apps_plugin-updater.js?v=20a9927a:65:26)
    at UpdaterStore.check (http://localhost:1420/src/lib/state/updater.svelte.ts:77:69)
    at http://localhost:1420/src/routes/+page.svelte:36:16 @ http://localhost:1420/src/lib/state/updater.svelte.ts:87
[  316190ms] [ERROR] No se pudo cargar el índice de ensayos: SyntaxError: Unexpected end of JSON input
    at JSON.parse (<anonymous>)
    at readJson (http://localhost:1420/src/lib/persist/atomic.ts:29:15)
    at async Module.track_reactivity_loss (http://localhost:1420/node_modules/.vite/deps/chunk-4C5QYTGH.js?v=20a9927a:1715:15)
    at async EssaysStore.loadIndex (http://localhost:1420/src/lib/state/essays.svelte.ts:56:20)
    at async Promise.all (index 1)
    at async Module.track_reactivity_loss (http://localhost:1420/node_modules/.vite/deps/chunk-4C5QYTGH.js?v=20a9927a:1715:15)
    at async http://localhost:1420/src/routes/+page.svelte?t=1786111097963:32:4 @ http://localhost:1420/src/lib/state/essays.svelte.ts:65
[  316219ms] [ERROR] No se pudo cargar el índice de ensayos: SyntaxError: Unexpected end of JSON input
    at JSON.parse (<anonymous>)
    at readJson (http://localhost:1420/src/lib/persist/atomic.ts:29:15)
    at async Module.track_reactivity_loss (http://localhost:1420/node_modules/.vite/deps/chunk-4C5QYTGH.js?v=20a9927a:1715:15)
    at async EssaysStore.loadIndex (http://localhost:1420/src/lib/state/essays.svelte.ts:56:20)
    at async Promise.all (index 1)
    at async Module.track_reactivity_loss (http://localhost:1420/node_modules/.vite/deps/chunk-4C5QYTGH.js?v=20a9927a:1715:15)
    at async http://localhost:1420/src/routes/+page.svelte?t=1786111097963:32:4 @ http://localhost:1420/src/lib/state/essays.svelte.ts:65
[  316250ms] [ERROR] No se pudo cargar el índice de ensayos: SyntaxError: Unexpected end of JSON input
    at JSON.parse (<anonymous>)
    at readJson (http://localhost:1420/src/lib/persist/atomic.ts:29:15)
    at async Module.track_reactivity_loss (http://localhost:1420/node_modules/.vite/deps/chunk-4C5QYTGH.js?v=20a9927a:1715:15)
    at async EssaysStore.loadIndex (http://localhost:1420/src/lib/state/essays.svelte.ts:56:20)
    at async Promise.all (index 1)
    at async Module.track_reactivity_loss (http://localhost:1420/node_modules/.vite/deps/chunk-4C5QYTGH.js?v=20a9927a:1715:15)
    at async http://localhost:1420/src/routes/+page.svelte?t=1786111097963:32:4 @ http://localhost:1420/src/lib/state/essays.svelte.ts:65
[  316274ms] [ERROR] No se pudo cargar el índice de ensayos: SyntaxError: Unexpected end of JSON input
    at JSON.parse (<anonymous>)
    at readJson (http://localhost:1420/src/lib/persist/atomic.ts:29:15)
    at async Module.track_reactivity_loss (http://localhost:1420/node_modules/.vite/deps/chunk-4C5QYTGH.js?v=20a9927a:1715:15)
    at async EssaysStore.loadIndex (http://localhost:1420/src/lib/state/essays.svelte.ts:56:20)
    at async Promise.all (index 1)
    at async Module.track_reactivity_loss (http://localhost:1420/node_modules/.vite/deps/chunk-4C5QYTGH.js?v=20a9927a:1715:15)
    at async http://localhost:1420/src/routes/+page.svelte?t=1786111097963:32:4 @ http://localhost:1420/src/lib/state/essays.svelte.ts:65
[  316295ms] [ERROR] No se pudo cargar el índice de ensayos: SyntaxError: Unexpected end of JSON input
    at JSON.parse (<anonymous>)
    at readJson (http://localhost:1420/src/lib/persist/atomic.ts:29:15)
    at async Module.track_reactivity_loss (http://localhost:1420/node_modules/.vite/deps/chunk-4C5QYTGH.js?v=20a9927a:1715:15)
    at async EssaysStore.loadIndex (http://localhost:1420/src/lib/state/essays.svelte.ts:56:20)
    at async Promise.all (index 1)
    at async Module.track_reactivity_loss (http://localhost:1420/node_modules/.vite/deps/chunk-4C5QYTGH.js?v=20a9927a:1715:15)
    at async http://localhost:1420/src/routes/+page.svelte?t=1786111098064:32:4 @ http://localhost:1420/src/lib/state/essays.svelte.ts:65
[  382083ms] [WARNING] %c[svelte] ownership_invalid_mutation
%cMutating unbound props (`essay`, at src/​lib/​components/​EditorScreen.svelte:589:4) is strongly discouraged. Consider using `bind:essay={...}` in src/routes/+page.svelte (or using a callback) instead
https://svelte.dev/e/ownership_invalid_mutation font-weight: bold font-weight: normal @ http://localhost:1420/@fs/Users/andresdominicci/Projects/apa-v0.1.0-release/node_modules/.deno/@sveltejs+kit@2.69.2/node_modules/@sveltejs/kit/src/runtime/client/client.js?v=20a9927a:3440
[  382083ms] [WARNING] %c[svelte] ownership_invalid_mutation
%cMutating unbound props (`essay`, at src/​lib/​components/​EditorScreen.svelte:590:4) is strongly discouraged. Consider using `bind:essay={...}` in src/routes/+page.svelte (or using a callback) instead
https://svelte.dev/e/ownership_invalid_mutation font-weight: bold font-weight: normal @ http://localhost:1420/@fs/Users/andresdominicci/Projects/apa-v0.1.0-release/node_modules/.deno/@sveltejs+kit@2.69.2/node_modules/@sveltejs/kit/src/runtime/client/client.js?v=20a9927a:3440
[  382583ms] [WARNING] %c[svelte] ownership_invalid_mutation
%cMutating unbound props (`essay`, at src/​lib/​components/​EditorScreen.svelte:302:8) is strongly discouraged. Consider using `bind:essay={...}` in src/routes/+page.svelte (or using a callback) instead
https://svelte.dev/e/ownership_invalid_mutation font-weight: bold font-weight: normal @ http://localhost:1420/@fs/Users/andresdominicci/Projects/apa-v0.1.0-release/node_modules/.deno/@sveltejs+kit@2.69.2/node_modules/@sveltejs/kit/src/runtime/client/client.js?v=20a9927a:3440
[  382583ms] [WARNING] %c[svelte] ownership_invalid_mutation
%cMutating unbound props (`essay`, at src/​lib/​components/​EditorScreen.svelte:303:8) is strongly discouraged. Consider using `bind:essay={...}` in src/routes/+page.svelte (or using a callback) instead
https://svelte.dev/e/ownership_invalid_mutation font-weight: bold font-weight: normal @ http://localhost:1420/@fs/Users/andresdominicci/Projects/apa-v0.1.0-release/node_modules/.deno/@sveltejs+kit@2.69.2/node_modules/@sveltejs/kit/src/runtime/client/client.js?v=20a9927a:3440
[  382583ms] [WARNING] %c[svelte] ownership_invalid_mutation
%cMutating unbound props (`essay`, at src/​lib/​components/​EditorScreen.svelte:304:8) is strongly discouraged. Consider using `bind:essay={...}` in src/routes/+page.svelte (or using a callback) instead
https://svelte.dev/e/ownership_invalid_mutation font-weight: bold font-weight: normal @ http://localhost:1420/@fs/Users/andresdominicci/Projects/apa-v0.1.0-release/node_modules/.deno/@sveltejs+kit@2.69.2/node_modules/@sveltejs/kit/src/runtime/client/client.js?v=20a9927a:3440
[  394593ms] [WARNING] %c[svelte] ownership_invalid_mutation
%cMutating unbound props (`essay`, at src/​lib/​components/​EditorScreen.svelte:302:8) is strongly discouraged. Consider using `bind:essay={...}` in src/routes/+page.svelte (or using a callback) instead
https://svelte.dev/e/ownership_invalid_mutation font-weight: bold font-weight: normal @ http://localhost:1420/@fs/Users/andresdominicci/Projects/apa-v0.1.0-release/node_modules/.deno/@sveltejs+kit@2.69.2/node_modules/@sveltejs/kit/src/runtime/client/client.js?v=20a9927a:3440
[  394593ms] [WARNING] %c[svelte] ownership_invalid_mutation
%cMutating unbound props (`essay`, at src/​lib/​components/​EditorScreen.svelte:303:8) is strongly discouraged. Consider using `bind:essay={...}` in src/routes/+page.svelte (or using a callback) instead
https://svelte.dev/e/ownership_invalid_mutation font-weight: bold font-weight: normal @ http://localhost:1420/@fs/Users/andresdominicci/Projects/apa-v0.1.0-release/node_modules/.deno/@sveltejs+kit@2.69.2/node_modules/@sveltejs/kit/src/runtime/client/client.js?v=20a9927a:3440
[  394593ms] [WARNING] %c[svelte] ownership_invalid_mutation
%cMutating unbound props (`essay`, at src/​lib/​components/​EditorScreen.svelte:304:8) is strongly discouraged. Consider using `bind:essay={...}` in src/routes/+page.svelte (or using a callback) instead
https://svelte.dev/e/ownership_invalid_mutation font-weight: bold font-weight: normal @ http://localhost:1420/@fs/Users/andresdominicci/Projects/apa-v0.1.0-release/node_modules/.deno/@sveltejs+kit@2.69.2/node_modules/@sveltejs/kit/src/runtime/client/client.js?v=20a9927a:3440
[  426013ms] [WARNING] %c[svelte] ownership_invalid_mutation
%cMutating unbound props (`essay`, at src/​lib/​components/​EditorScreen.svelte:302:8) is strongly discouraged. Consider using `bind:essay={...}` in src/routes/+page.svelte (or using a callback) instead
https://svelte.dev/e/ownership_invalid_mutation font-weight: bold font-weight: normal @ http://localhost:1420/@fs/Users/andresdominicci/Projects/apa-v0.1.0-release/node_modules/.deno/@sveltejs+kit@2.69.2/node_modules/@sveltejs/kit/src/runtime/client/client.js?v=20a9927a:3440
[  426013ms] [WARNING] %c[svelte] ownership_invalid_mutation
%cMutating unbound props (`essay`, at src/​lib/​components/​EditorScreen.svelte:303:8) is strongly discouraged. Consider using `bind:essay={...}` in src/routes/+page.svelte (or using a callback) instead
https://svelte.dev/e/ownership_invalid_mutation font-weight: bold font-weight: normal @ http://localhost:1420/@fs/Users/andresdominicci/Projects/apa-v0.1.0-release/node_modules/.deno/@sveltejs+kit@2.69.2/node_modules/@sveltejs/kit/src/runtime/client/client.js?v=20a9927a:3440
[  426013ms] [WARNING] %c[svelte] ownership_invalid_mutation
%cMutating unbound props (`essay`, at src/​lib/​components/​EditorScreen.svelte:304:8) is strongly discouraged. Consider using `bind:essay={...}` in src/routes/+page.svelte (or using a callback) instead
https://svelte.dev/e/ownership_invalid_mutation font-weight: bold font-weight: normal @ http://localhost:1420/@fs/Users/andresdominicci/Projects/apa-v0.1.0-release/node_modules/.deno/@sveltejs+kit@2.69.2/node_modules/@sveltejs/kit/src/runtime/client/client.js?v=20a9927a:3440
[  437202ms] [ERROR] No se pudo cargar el índice de ensayos: SyntaxError: Unexpected end of JSON input
    at JSON.parse (<anonymous>)
    at readJson (http://localhost:1420/src/lib/persist/atomic.ts:29:15)
    at async Module.track_reactivity_loss (http://localhost:1420/node_modules/.vite/deps/chunk-4C5QYTGH.js?v=20a9927a:1715:15)
    at async EssaysStore.loadIndex (http://localhost:1420/src/lib/state/essays.svelte.ts:56:20) @ http://localhost:1420/src/lib/state/essays.svelte.ts:65
[  550201ms] [LOG] [vite] server connection lost. Polling for restart... @ http://localhost:1420/@vite/client:963
[  550202ms] [ERROR] WebSocket connection to 'ws://localhost:1420/' failed: Error in connection establishment: net::ERR_CONNECTION_REFUSED @ http://localhost:1420/@vite/client:1034
[  551205ms] [ERROR] WebSocket connection to 'ws://localhost:1420/' failed: Error in connection establishment: net::ERR_CONNECTION_REFUSED @ http://localhost:1420/@vite/client:1034
[  552207ms] [ERROR] WebSocket connection to 'ws://localhost:1420/' failed: Error in connection establishment: net::ERR_CONNECTION_REFUSED @ http://localhost:1420/@vite/client:1034
[  553211ms] [ERROR] WebSocket connection to 'ws://localhost:1420/' failed: Error in connection establishment: net::ERR_CONNECTION_REFUSED @ http://localhost:1420/@vite/client:1034
[  554213ms] [ERROR] WebSocket connection to 'ws://localhost:1420/' failed: Error in connection establishment: net::ERR_CONNECTION_REFUSED @ http://localhost:1420/@vite/client:1034
[  555218ms] [ERROR] WebSocket connection to 'ws://localhost:1420/' failed: Error in connection establishment: net::ERR_CONNECTION_REFUSED @ http://localhost:1420/@vite/client:1034
[  556229ms] [ERROR] WebSocket connection to 'ws://localhost:1420/' failed: Error in connection establishment: net::ERR_CONNECTION_REFUSED @ http://localhost:1420/@vite/client:1034
[  557249ms] [ERROR] WebSocket connection to 'ws://localhost:1420/' failed: Error in connection establishment: net::ERR_CONNECTION_REFUSED @ http://localhost:1420/@vite/client:1034
[  558283ms] [ERROR] WebSocket connection to 'ws://localhost:1420/' failed: Error in connection establishment: net::ERR_CONNECTION_REFUSED @ http://localhost:1420/@vite/client:1034
[  559346ms] [ERROR] WebSocket connection to 'ws://localhost:1420/' failed: Error in connection establishment: net::ERR_CONNECTION_REFUSED @ http://localhost:1420/@vite/client:1034
[  560475ms] [ERROR] WebSocket connection to 'ws://localhost:1420/' failed: Error in connection establishment: net::ERR_CONNECTION_REFUSED @ http://localhost:1420/@vite/client:1034
[  561731ms] [ERROR] WebSocket connection to 'ws://localhost:1420/' failed: Error in connection establishment: net::ERR_CONNECTION_REFUSED @ http://localhost:1420/@vite/client:1034
[  563320ms] [ERROR] WebSocket connection to 'ws://localhost:1420/' failed: Error in connection establishment: net::ERR_CONNECTION_REFUSED @ http://localhost:1420/@vite/client:1034
[  564606ms] [ERROR] WebSocket connection to 'ws://localhost:1420/' failed: Error in connection establishment: net::ERR_CONNECTION_REFUSED @ http://localhost:1420/@vite/client:1034
[  567342ms] [ERROR] WebSocket connection to 'ws://localhost:1420/' failed: Error in connection establishment: net::ERR_CONNECTION_REFUSED @ http://localhost:1420/@vite/client:1034
[  573335ms] [ERROR] WebSocket connection to 'ws://localhost:1420/' failed: Error in connection establishment: net::ERR_CONNECTION_REFUSED @ http://localhost:1420/@vite/client:1034
[  577106ms] [ERROR] WebSocket connection to 'ws://localhost:1420/' failed: Error in connection establishment: net::ERR_CONNECTION_REFUSED @ http://localhost:1420/@vite/client:1034
[  579323ms] [ERROR] WebSocket connection to 'ws://localhost:1420/' failed: Error in connection establishment: net::ERR_CONNECTION_REFUSED @ http://localhost:1420/@vite/client:1034
[  582799ms] [ERROR] WebSocket connection to 'ws://localhost:1420/' failed: Error in connection establishment: net::ERR_CONNECTION_REFUSED @ http://localhost:1420/@vite/client:1034
[  588463ms] [ERROR] WebSocket connection to 'ws://localhost:1420/' failed: Error in connection establishment: net::ERR_CONNECTION_REFUSED @ http://localhost:1420/@vite/client:1034
[  593676ms] [ERROR] WebSocket connection to 'ws://localhost:1420/' failed: Error in connection establishment: net::ERR_CONNECTION_REFUSED @ http://localhost:1420/@vite/client:1034
[  596171ms] [ERROR] WebSocket connection to 'ws://localhost:1420/' failed: Error in connection establishment: net::ERR_CONNECTION_REFUSED @ http://localhost:1420/@vite/client:1034
[  598182ms] [ERROR] WebSocket connection to 'ws://localhost:1420/' failed: Error in connection establishment: net::ERR_CONNECTION_REFUSED @ http://localhost:1420/@vite/client:1034
[  601787ms] [ERROR] WebSocket connection to 'ws://localhost:1420/' failed: Error in connection establishment: net::ERR_CONNECTION_REFUSED @ http://localhost:1420/@vite/client:1034
[  604126ms] [ERROR] WebSocket connection to 'ws://localhost:1420/' failed: Error in connection establishment: net::ERR_CONNECTION_REFUSED @ http://localhost:1420/@vite/client:1034
[  609464ms] [ERROR] WebSocket connection to 'ws://localhost:1420/' failed: Error in connection establishment: net::ERR_CONNECTION_REFUSED @ http://localhost:1420/@vite/client:1034
[  614790ms] [ERROR] WebSocket connection to 'ws://localhost:1420/' failed: Error in connection establishment: net::ERR_CONNECTION_REFUSED @ http://localhost:1420/@vite/client:1034
[  620717ms] [ERROR] WebSocket connection to 'ws://localhost:1420/' failed: Error in connection establishment: net::ERR_CONNECTION_REFUSED @ http://localhost:1420/@vite/client:1034
[  623231ms] [ERROR] WebSocket connection to 'ws://localhost:1420/' failed: Error in connection establishment: net::ERR_CONNECTION_REFUSED @ http://localhost:1420/@vite/client:1034
[  626502ms] [ERROR] WebSocket connection to 'ws://localhost:1420/' failed: Error in connection establishment: net::ERR_CONNECTION_REFUSED @ http://localhost:1420/@vite/client:1034
[  629417ms] [ERROR] WebSocket connection to 'ws://localhost:1420/' failed: Error in connection establishment: net::ERR_CONNECTION_REFUSED @ http://localhost:1420/@vite/client:1034
[  631955ms] [ERROR] WebSocket connection to 'ws://localhost:1420/' failed: Error in connection establishment: net::ERR_CONNECTION_REFUSED @ http://localhost:1420/@vite/client:1034
[  637876ms] [ERROR] WebSocket connection to 'ws://localhost:1420/' failed: Error in connection establishment: net::ERR_CONNECTION_REFUSED @ http://localhost:1420/@vite/client:1034
[  641776ms] [ERROR] WebSocket connection to 'ws://localhost:1420/' failed: Error in connection establishment: net::ERR_CONNECTION_REFUSED @ http://localhost:1420/@vite/client:1034
[  644560ms] [ERROR] WebSocket connection to 'ws://localhost:1420/' failed: Error in connection establishment: net::ERR_CONNECTION_REFUSED @ http://localhost:1420/@vite/client:1034
[  649274ms] [ERROR] WebSocket connection to 'ws://localhost:1420/' failed: Error in connection establishment: net::ERR_CONNECTION_REFUSED @ http://localhost:1420/@vite/client:1034
[  653525ms] [ERROR] WebSocket connection to 'ws://localhost:1420/' failed: Error in connection establishment: net::ERR_CONNECTION_REFUSED @ http://localhost:1420/@vite/client:1034
[  657692ms] [ERROR] WebSocket connection to 'ws://localhost:1420/' failed: Error in connection establishment: net::ERR_CONNECTION_REFUSED @ http://localhost:1420/@vite/client:1034
[  660168ms] [ERROR] WebSocket connection to 'ws://localhost:1420/' failed: Error in connection establishment: net::ERR_CONNECTION_REFUSED @ http://localhost:1420/@vite/client:1034
[  662799ms] [ERROR] WebSocket connection to 'ws://localhost:1420/' failed: Error in connection establishment: net::ERR_CONNECTION_REFUSED @ http://localhost:1420/@vite/client:1034
[  668375ms] [ERROR] WebSocket connection to 'ws://localhost:1420/' failed: Error in connection establishment: net::ERR_CONNECTION_REFUSED @ http://localhost:1420/@vite/client:1034
[  674134ms] [ERROR] WebSocket connection to 'ws://localhost:1420/' failed: Error in connection establishment: net::ERR_CONNECTION_REFUSED @ http://localhost:1420/@vite/client:1034
[  676576ms] [ERROR] WebSocket connection to 'ws://localhost:1420/' failed: Error in connection establishment: net::ERR_CONNECTION_REFUSED @ http://localhost:1420/@vite/client:1034
[  680332ms] [ERROR] WebSocket connection to 'ws://localhost:1420/' failed: Error in connection establishment: net::ERR_CONNECTION_REFUSED @ http://localhost:1420/@vite/client:1034
[  683215ms] [ERROR] WebSocket connection to 'ws://localhost:1420/' failed: Error in connection establishment: net::ERR_CONNECTION_REFUSED @ http://localhost:1420/@vite/client:1034
[  688859ms] [ERROR] WebSocket connection to 'ws://localhost:1420/' failed: Error in connection establishment: net::ERR_CONNECTION_REFUSED @ http://localhost:1420/@vite/client:1034
[  691805ms] [ERROR] WebSocket connection to 'ws://localhost:1420/' failed: Error in connection establishment: net::ERR_CONNECTION_REFUSED @ http://localhost:1420/@vite/client:1034
[  695808ms] [ERROR] WebSocket connection to 'ws://localhost:1420/' failed: Error in connection establishment: net::ERR_CONNECTION_REFUSED @ http://localhost:1420/@vite/client:1034
[  699484ms] [ERROR] WebSocket connection to 'ws://localhost:1420/' failed: Error in connection establishment: net::ERR_CONNECTION_REFUSED @ http://localhost:1420/@vite/client:1034
[  705487ms] [ERROR] WebSocket connection to 'ws://localhost:1420/' failed: Error in connection establishment: net::ERR_CONNECTION_REFUSED @ http://localhost:1420/@vite/client:1034
[  707917ms] [ERROR] WebSocket connection to 'ws://localhost:1420/' failed: Error in connection establishment: net::ERR_CONNECTION_REFUSED @ http://localhost:1420/@vite/client:1034
[  711829ms] [ERROR] WebSocket connection to 'ws://localhost:1420/' failed: Error in connection establishment: net::ERR_CONNECTION_REFUSED @ http://localhost:1420/@vite/client:1034
[  715092ms] [ERROR] WebSocket connection to 'ws://localhost:1420/' failed: Error in connection establishment: net::ERR_CONNECTION_REFUSED @ http://localhost:1420/@vite/client:1034
[  718147ms] [ERROR] WebSocket connection to 'ws://localhost:1420/' failed: Error in connection establishment: net::ERR_CONNECTION_REFUSED @ http://localhost:1420/@vite/client:1034
[  723784ms] [ERROR] WebSocket connection to 'ws://localhost:1420/' failed: Error in connection establishment: net::ERR_CONNECTION_REFUSED @ http://localhost:1420/@vite/client:1034
[  725896ms] [ERROR] WebSocket connection to 'ws://localhost:1420/' failed: Error in connection establishment: net::ERR_CONNECTION_REFUSED @ http://localhost:1420/@vite/client:1034
[  731518ms] [ERROR] WebSocket connection to 'ws://localhost:1420/' failed: Error in connection establishment: net::ERR_CONNECTION_REFUSED @ http://localhost:1420/@vite/client:1034
[  735657ms] [ERROR] WebSocket connection to 'ws://localhost:1420/' failed: Error in connection establishment: net::ERR_CONNECTION_REFUSED @ http://localhost:1420/@vite/client:1034
[  737700ms] [ERROR] WebSocket connection to 'ws://localhost:1420/' failed: Error in connection establishment: net::ERR_CONNECTION_REFUSED @ http://localhost:1420/@vite/client:1034
[  740886ms] [ERROR] WebSocket connection to 'ws://localhost:1420/' failed: Error in connection establishment: net::ERR_CONNECTION_REFUSED @ http://localhost:1420/@vite/client:1034
[  746191ms] [ERROR] WebSocket connection to 'ws://localhost:1420/' failed: Error in connection establishment: net::ERR_CONNECTION_REFUSED @ http://localhost:1420/@vite/client:1034
[  749576ms] [ERROR] WebSocket connection to 'ws://localhost:1420/' failed: Error in connection establishment: net::ERR_CONNECTION_REFUSED @ http://localhost:1420/@vite/client:1034
[  754551ms] [ERROR] WebSocket connection to 'ws://localhost:1420/' failed: Error in connection establishment: net::ERR_CONNECTION_REFUSED @ http://localhost:1420/@vite/client:1034
[  757854ms] [ERROR] WebSocket connection to 'ws://localhost:1420/' failed: Error in connection establishment: net::ERR_CONNECTION_REFUSED @ http://localhost:1420/@vite/client:1034
[  763626ms] [ERROR] WebSocket connection to 'ws://localhost:1420/' failed: Error in connection establishment: net::ERR_CONNECTION_REFUSED @ http://localhost:1420/@vite/client:1034
[  767097ms] [ERROR] WebSocket connection to 'ws://localhost:1420/' failed: Error in connection establishment: net::ERR_CONNECTION_REFUSED @ http://localhost:1420/@vite/client:1034
[  772314ms] [ERROR] WebSocket connection to 'ws://localhost:1420/' failed: Error in connection establishment: net::ERR_CONNECTION_REFUSED @ http://localhost:1420/@vite/client:1034
[  774959ms] [ERROR] WebSocket connection to 'ws://localhost:1420/' failed: Error in connection establishment: net::ERR_CONNECTION_REFUSED @ http://localhost:1420/@vite/client:1034
[  777570ms] [ERROR] WebSocket connection to 'ws://localhost:1420/' failed: Error in connection establishment: net::ERR_CONNECTION_REFUSED @ http://localhost:1420/@vite/client:1034
[  780843ms] [ERROR] WebSocket connection to 'ws://localhost:1420/' failed: Error in connection establishment: net::ERR_CONNECTION_REFUSED @ http://localhost:1420/@vite/client:1034
[  786776ms] [ERROR] WebSocket connection to 'ws://localhost:1420/' failed: Error in connection establishment: net::ERR_CONNECTION_REFUSED @ http://localhost:1420/@vite/client:1034
[  789940ms] [ERROR] WebSocket connection to 'ws://localhost:1420/' failed: Error in connection establishment: net::ERR_CONNECTION_REFUSED @ http://localhost:1420/@vite/client:1034
[  790942ms] [ERROR] WebSocket connection to 'ws://localhost:1420/' failed: Error in connection establishment: net::ERR_CONNECTION_REFUSED @ http://localhost:1420/@vite/client:1034
[  791944ms] [ERROR] WebSocket connection to 'ws://localhost:1420/' failed: Error in connection establishment: net::ERR_CONNECTION_REFUSED @ http://localhost:1420/@vite/client:1034
[  792946ms] [ERROR] WebSocket connection to 'ws://localhost:1420/' failed: Error in connection establishment: net::ERR_CONNECTION_REFUSED @ http://localhost:1420/@vite/client:1034
[  793947ms] [ERROR] WebSocket connection to 'ws://localhost:1420/' failed: Error in connection establishment: net::ERR_CONNECTION_REFUSED @ http://localhost:1420/@vite/client:1034
[  794949ms] [ERROR] WebSocket connection to 'ws://localhost:1420/' failed: Error in connection establishment: net::ERR_CONNECTION_REFUSED @ http://localhost:1420/@vite/client:1034
[  795955ms] [ERROR] WebSocket connection to 'ws://localhost:1420/' failed: Error in connection establishment: net::ERR_CONNECTION_REFUSED @ http://localhost:1420/@vite/client:1034
[  796961ms] [ERROR] WebSocket connection to 'ws://localhost:1420/' failed: Error in connection establishment: net::ERR_CONNECTION_REFUSED @ http://localhost:1420/@vite/client:1034
[  797980ms] [ERROR] WebSocket connection to 'ws://localhost:1420/' failed: Error in connection establishment: net::ERR_CONNECTION_REFUSED @ http://localhost:1420/@vite/client:1034
[  799006ms] [ERROR] WebSocket connection to 'ws://localhost:1420/' failed: Error in connection establishment: net::ERR_CONNECTION_REFUSED @ http://localhost:1420/@vite/client:1034
[  800063ms] [ERROR] WebSocket connection to 'ws://localhost:1420/' failed: Error in connection establishment: net::ERR_CONNECTION_REFUSED @ http://localhost:1420/@vite/client:1034
[  801132ms] [ERROR] WebSocket connection to 'ws://localhost:1420/' failed: Error in connection establishment: net::ERR_CONNECTION_REFUSED @ http://localhost:1420/@vite/client:1034
[  802253ms] [ERROR] WebSocket connection to 'ws://localhost:1420/' failed: Error in connection establishment: net::ERR_CONNECTION_REFUSED @ http://localhost:1420/@vite/client:1034
[  803391ms] [ERROR] WebSocket connection to 'ws://localhost:1420/' failed: Error in connection establishment: net::ERR_CONNECTION_REFUSED @ http://localhost:1420/@vite/client:1034
[  804942ms] [ERROR] WebSocket connection to 'ws://localhost:1420/' failed: Error in connection establishment: net::ERR_CONNECTION_REFUSED @ http://localhost:1420/@vite/client:1034
[  806496ms] [ERROR] WebSocket connection to 'ws://localhost:1420/' failed: Error in connection establishment: net::ERR_CONNECTION_REFUSED @ http://localhost:1420/@vite/client:1034
[  808651ms] [ERROR] WebSocket connection to 'ws://localhost:1420/' failed: Error in connection establishment: net::ERR_CONNECTION_REFUSED @ http://localhost:1420/@vite/client:1034
[  811112ms] [ERROR] WebSocket connection to 'ws://localhost:1420/' failed: Error in connection establishment: net::ERR_CONNECTION_REFUSED @ http://localhost:1420/@vite/client:1034
[  813541ms] [ERROR] WebSocket connection to 'ws://localhost:1420/' failed: Error in connection establishment: net::ERR_CONNECTION_REFUSED @ http://localhost:1420/@vite/client:1034
[  817384ms] [ERROR] WebSocket connection to 'ws://localhost:1420/' failed: Error in connection establishment: net::ERR_CONNECTION_REFUSED @ http://localhost:1420/@vite/client:1034
[  819694ms] [ERROR] WebSocket connection to 'ws://localhost:1420/' failed: Error in connection establishment: net::ERR_CONNECTION_REFUSED @ http://localhost:1420/@vite/client:1034
[  822976ms] [ERROR] WebSocket connection to 'ws://localhost:1420/' failed: Error in connection establishment: net::ERR_CONNECTION_REFUSED @ http://localhost:1420/@vite/client:1034
[  826041ms] [ERROR] WebSocket connection to 'ws://localhost:1420/' failed: Error in connection establishment: net::ERR_CONNECTION_REFUSED @ http://localhost:1420/@vite/client:1034
[  830418ms] [ERROR] WebSocket connection to 'ws://localhost:1420/' failed: Error in connection establishment: net::ERR_CONNECTION_REFUSED @ http://localhost:1420/@vite/client:1034
[  833581ms] [ERROR] WebSocket connection to 'ws://localhost:1420/' failed: Error in connection establishment: net::ERR_CONNECTION_REFUSED @ http://localhost:1420/@vite/client:1034
[  837309ms] [ERROR] WebSocket connection to 'ws://localhost:1420/' failed: Error in connection establishment: net::ERR_CONNECTION_REFUSED @ http://localhost:1420/@vite/client:1034
[  842301ms] [ERROR] WebSocket connection to 'ws://localhost:1420/' failed: Error in connection establishment: net::ERR_CONNECTION_REFUSED @ http://localhost:1420/@vite/client:1034
[  844323ms] [ERROR] WebSocket connection to 'ws://localhost:1420/' failed: Error in connection establishment: net::ERR_CONNECTION_REFUSED @ http://localhost:1420/@vite/client:1034
[  847334ms] [ERROR] WebSocket connection to 'ws://localhost:1420/' failed: Error in connection establishment: net::ERR_CONNECTION_REFUSED @ http://localhost:1420/@vite/client:1034
[  852075ms] [ERROR] WebSocket connection to 'ws://localhost:1420/' failed: Error in connection establishment: net::ERR_CONNECTION_REFUSED @ http://localhost:1420/@vite/client:1034
[  854258ms] [ERROR] WebSocket connection to 'ws://localhost:1420/' failed: Error in connection establishment: net::ERR_CONNECTION_REFUSED @ http://localhost:1420/@vite/client:1034
[  858043ms] [ERROR] WebSocket connection to 'ws://localhost:1420/' failed: Error in connection establishment: net::ERR_CONNECTION_REFUSED @ http://localhost:1420/@vite/client:1034
[  862418ms] [ERROR] WebSocket connection to 'ws://localhost:1420/' failed: Error in connection establishment: net::ERR_CONNECTION_REFUSED @ http://localhost:1420/@vite/client:1034
[  864985ms] [ERROR] WebSocket connection to 'ws://localhost:1420/' failed: Error in connection establishment: net::ERR_CONNECTION_REFUSED @ http://localhost:1420/@vite/client:1034
[  867049ms] [ERROR] WebSocket connection to 'ws://localhost:1420/' failed: Error in connection establishment: net::ERR_CONNECTION_REFUSED @ http://localhost:1420/@vite/client:1034
[  871034ms] [ERROR] WebSocket connection to 'ws://localhost:1420/' failed: Error in connection establishment: net::ERR_CONNECTION_REFUSED @ http://localhost:1420/@vite/client:1034
[  876985ms] [ERROR] WebSocket connection to 'ws://localhost:1420/' failed: Error in connection establishment: net::ERR_CONNECTION_REFUSED @ http://localhost:1420/@vite/client:1034
[  880954ms] [ERROR] WebSocket connection to 'ws://localhost:1420/' failed: Error in connection establishment: net::ERR_CONNECTION_REFUSED @ http://localhost:1420/@vite/client:1034
[  885301ms] [ERROR] WebSocket connection to 'ws://localhost:1420/' failed: Error in connection establishment: net::ERR_CONNECTION_REFUSED @ http://localhost:1420/@vite/client:1034
[  891292ms] [ERROR] WebSocket connection to 'ws://localhost:1420/' failed: Error in connection establishment: net::ERR_CONNECTION_REFUSED @ http://localhost:1420/@vite/client:1034
[  896051ms] [ERROR] WebSocket connection to 'ws://localhost:1420/' failed: Error in connection establishment: net::ERR_CONNECTION_REFUSED @ http://localhost:1420/@vite/client:1034
[  900772ms] [ERROR] WebSocket connection to 'ws://localhost:1420/' failed: Error in connection establishment: net::ERR_CONNECTION_REFUSED @ http://localhost:1420/@vite/client:1034
[  904243ms] [ERROR] WebSocket connection to 'ws://localhost:1420/' failed: Error in connection establishment: net::ERR_CONNECTION_REFUSED @ http://localhost:1420/@vite/client:1034
[  906727ms] [ERROR] WebSocket connection to 'ws://localhost:1420/' failed: Error in connection establishment: net::ERR_CONNECTION_REFUSED @ http://localhost:1420/@vite/client:1034
[  908858ms] [ERROR] WebSocket connection to 'ws://localhost:1420/' failed: Error in connection establishment: net::ERR_CONNECTION_REFUSED @ http://localhost:1420/@vite/client:1034
[  914421ms] [ERROR] WebSocket connection to 'ws://localhost:1420/' failed: Error in connection establishment: net::ERR_CONNECTION_REFUSED @ http://localhost:1420/@vite/client:1034
[  918332ms] [ERROR] WebSocket connection to 'ws://localhost:1420/' failed: Error in connection establishment: net::ERR_CONNECTION_REFUSED @ http://localhost:1420/@vite/client:1034
[  923473ms] [ERROR] WebSocket connection to 'ws://localhost:1420/' failed: Error in connection establishment: net::ERR_CONNECTION_REFUSED @ http://localhost:1420/@vite/client:1034
[  928443ms] [ERROR] WebSocket connection to 'ws://localhost:1420/' failed: Error in connection establishment: net::ERR_CONNECTION_REFUSED @ http://localhost:1420/@vite/client:1034
[  934311ms] [ERROR] WebSocket connection to 'ws://localhost:1420/' failed: Error in connection establishment: net::ERR_CONNECTION_REFUSED @ http://localhost:1420/@vite/client:1034
[  940036ms] [ERROR] WebSocket connection to 'ws://localhost:1420/' failed: Error in connection establishment: net::ERR_CONNECTION_REFUSED @ http://localhost:1420/@vite/client:1034
[  942490ms] [ERROR] WebSocket connection to 'ws://localhost:1420/' failed: Error in connection establishment: net::ERR_CONNECTION_REFUSED @ http://localhost:1420/@vite/client:1034
[  945961ms] [ERROR] WebSocket connection to 'ws://localhost:1420/' failed: Error in connection establishment: net::ERR_CONNECTION_REFUSED @ http://localhost:1420/@vite/client:1034
[  951478ms] [ERROR] WebSocket connection to 'ws://localhost:1420/' failed: Error in connection establishment: net::ERR_CONNECTION_REFUSED @ http://localhost:1420/@vite/client:1034
[  954527ms] [ERROR] WebSocket connection to 'ws://localhost:1420/' failed: Error in connection establishment: net::ERR_CONNECTION_REFUSED @ http://localhost:1420/@vite/client:1034
[  957769ms] [ERROR] WebSocket connection to 'ws://localhost:1420/' failed: Error in connection establishment: net::ERR_CONNECTION_REFUSED @ http://localhost:1420/@vite/client:1034
[  960515ms] [ERROR] WebSocket connection to 'ws://localhost:1420/' failed: Error in connection establishment: net::ERR_CONNECTION_REFUSED @ http://localhost:1420/@vite/client:1034
[  965691ms] [ERROR] WebSocket connection to 'ws://localhost:1420/' failed: Error in connection establishment: net::ERR_CONNECTION_REFUSED @ http://localhost:1420/@vite/client:1034
[  969853ms] [ERROR] WebSocket connection to 'ws://localhost:1420/' failed: Error in connection establishment: net::ERR_CONNECTION_REFUSED @ http://localhost:1420/@vite/client:1034
[  973374ms] [ERROR] WebSocket connection to 'ws://localhost:1420/' failed: Error in connection establishment: net::ERR_CONNECTION_REFUSED @ http://localhost:1420/@vite/client:1034
[  975935ms] [ERROR] WebSocket connection to 'ws://localhost:1420/' failed: Error in connection establishment: net::ERR_CONNECTION_REFUSED @ http://localhost:1420/@vite/client:1034
[  978138ms] [ERROR] WebSocket connection to 'ws://localhost:1420/' failed: Error in connection establishment: net::ERR_CONNECTION_REFUSED @ http://localhost:1420/@vite/client:1034
[  983713ms] [ERROR] WebSocket connection to 'ws://localhost:1420/' failed: Error in connection establishment: net::ERR_CONNECTION_REFUSED @ http://localhost:1420/@vite/client:1034
[  987738ms] [ERROR] WebSocket connection to 'ws://localhost:1420/' failed: Error in connection establishment: net::ERR_CONNECTION_REFUSED @ http://localhost:1420/@vite/client:1034
[  991747ms] [ERROR] WebSocket connection to 'ws://localhost:1420/' failed: Error in connection establishment: net::ERR_CONNECTION_REFUSED @ http://localhost:1420/@vite/client:1034
[  996092ms] [ERROR] WebSocket connection to 'ws://localhost:1420/' failed: Error in connection establishment: net::ERR_CONNECTION_REFUSED @ http://localhost:1420/@vite/client:1034
[  999755ms] [ERROR] WebSocket connection to 'ws://localhost:1420/' failed: Error in connection establishment: net::ERR_CONNECTION_REFUSED @ http://localhost:1420/@vite/client:1034
[ 1002562ms] [ERROR] WebSocket connection to 'ws://localhost:1420/' failed: Error in connection establishment: net::ERR_CONNECTION_REFUSED @ http://localhost:1420/@vite/client:1034
[ 1006021ms] [ERROR] WebSocket connection to 'ws://localhost:1420/' failed: Error in connection establishment: net::ERR_CONNECTION_REFUSED @ http://localhost:1420/@vite/client:1034
[ 1010927ms] [ERROR] WebSocket connection to 'ws://localhost:1420/' failed: Error in connection establishment: net::ERR_CONNECTION_REFUSED @ http://localhost:1420/@vite/client:1034
[ 1013991ms] [ERROR] WebSocket connection to 'ws://localhost:1420/' failed: Error in connection establishment: net::ERR_CONNECTION_REFUSED @ http://localhost:1420/@vite/client:1034
[ 1018650ms] [ERROR] WebSocket connection to 'ws://localhost:1420/' failed: Error in connection establishment: net::ERR_CONNECTION_REFUSED @ http://localhost:1420/@vite/client:1034
[ 1020827ms] [ERROR] WebSocket connection to 'ws://localhost:1420/' failed: Error in connection establishment: net::ERR_CONNECTION_REFUSED @ http://localhost:1420/@vite/client:1034
[ 1026136ms] [ERROR] WebSocket connection to 'ws://localhost:1420/' failed: Error in connection establishment: net::ERR_CONNECTION_REFUSED @ http://localhost:1420/@vite/client:1034
[ 1029919ms] [ERROR] WebSocket connection to 'ws://localhost:1420/' failed: Error in connection establishment: net::ERR_CONNECTION_REFUSED @ http://localhost:1420/@vite/client:1034
[ 1035532ms] [ERROR] WebSocket connection to 'ws://localhost:1420/' failed: Error in connection establishment: net::ERR_CONNECTION_REFUSED @ http://localhost:1420/@vite/client:1034
[ 1040734ms] [ERROR] WebSocket connection to 'ws://localhost:1420/' failed: Error in connection establishment: net::ERR_CONNECTION_REFUSED @ http://localhost:1420/@vite/client:1034
[ 1046478ms] [ERROR] WebSocket connection to 'ws://localhost:1420/' failed: Error in connection establishment: net::ERR_CONNECTION_REFUSED @ http://localhost:1420/@vite/client:1034
[ 1052357ms] [ERROR] WebSocket connection to 'ws://localhost:1420/' failed: Error in connection establishment: net::ERR_CONNECTION_REFUSED @ http://localhost:1420/@vite/client:1034
[ 1055472ms] [ERROR] WebSocket connection to 'ws://localhost:1420/' failed: Error in connection establishment: net::ERR_CONNECTION_REFUSED @ http://localhost:1420/@vite/client:1034
[ 1057930ms] [ERROR] WebSocket connection to 'ws://localhost:1420/' failed: Error in connection establishment: net::ERR_CONNECTION_REFUSED @ http://localhost:1420/@vite/client:1034
[ 1063552ms] [ERROR] WebSocket connection to 'ws://localhost:1420/' failed: Error in connection establishment: net::ERR_CONNECTION_REFUSED @ http://localhost:1420/@vite/client:1034
[ 1067779ms] [ERROR] WebSocket connection to 'ws://localhost:1420/' failed: Error in connection establishment: net::ERR_CONNECTION_REFUSED @ http://localhost:1420/@vite/client:1034
[ 1073776ms] [ERROR] WebSocket connection to 'ws://localhost:1420/' failed: Error in connection establishment: net::ERR_CONNECTION_REFUSED @ http://localhost:1420/@vite/client:1034
[ 1076536ms] [ERROR] WebSocket connection to 'ws://localhost:1420/' failed: Error in connection establishment: net::ERR_CONNECTION_REFUSED @ http://localhost:1420/@vite/client:1034
[ 1082052ms] [ERROR] WebSocket connection to 'ws://localhost:1420/' failed: Error in connection establishment: net::ERR_CONNECTION_REFUSED @ http://localhost:1420/@vite/client:1034
[ 1084984ms] [ERROR] WebSocket connection to 'ws://localhost:1420/' failed: Error in connection establishment: net::ERR_CONNECTION_REFUSED @ http://localhost:1420/@vite/client:1034
[ 1087927ms] [ERROR] WebSocket connection to 'ws://localhost:1420/' failed: Error in connection establishment: net::ERR_CONNECTION_REFUSED @ http://localhost:1420/@vite/client:1034
[ 1090324ms] [ERROR] WebSocket connection to 'ws://localhost:1420/' failed: Error in connection establishment: net::ERR_CONNECTION_REFUSED @ http://localhost:1420/@vite/client:1034
[ 1095453ms] [ERROR] WebSocket connection to 'ws://localhost:1420/' failed: Error in connection establishment: net::ERR_CONNECTION_REFUSED @ http://localhost:1420/@vite/client:1034
[ 1101195ms] [ERROR] WebSocket connection to 'ws://localhost:1420/' failed: Error in connection establishment: net::ERR_CONNECTION_REFUSED @ http://localhost:1420/@vite/client:1034
[ 1104509ms] [ERROR] WebSocket connection to 'ws://localhost:1420/' failed: Error in connection establishment: net::ERR_CONNECTION_REFUSED @ http://localhost:1420/@vite/client:1034
[ 1109636ms] [ERROR] WebSocket connection to 'ws://localhost:1420/' failed: Error in connection establishment: net::ERR_CONNECTION_REFUSED @ http://localhost:1420/@vite/client:1034
[ 1114444ms] [ERROR] WebSocket connection to 'ws://localhost:1420/' failed: Error in connection establishment: net::ERR_CONNECTION_REFUSED @ http://localhost:1420/@vite/client:1034
[ 1118933ms] [ERROR] WebSocket connection to 'ws://localhost:1420/' failed: Error in connection establishment: net::ERR_CONNECTION_REFUSED @ http://localhost:1420/@vite/client:1034
[ 1123158ms] [ERROR] WebSocket connection to 'ws://localhost:1420/' failed: Error in connection establishment: net::ERR_CONNECTION_REFUSED @ http://localhost:1420/@vite/client:1034
[ 1128470ms] [ERROR] WebSocket connection to 'ws://localhost:1420/' failed: Error in connection establishment: net::ERR_CONNECTION_REFUSED @ http://localhost:1420/@vite/client:1034
[ 1132629ms] [ERROR] WebSocket connection to 'ws://localhost:1420/' failed: Error in connection establishment: net::ERR_CONNECTION_REFUSED @ http://localhost:1420/@vite/client:1034
[ 1135327ms] [ERROR] WebSocket connection to 'ws://localhost:1420/' failed: Error in connection establishment: net::ERR_CONNECTION_REFUSED @ http://localhost:1420/@vite/client:1034
[ 1138034ms] [ERROR] WebSocket connection to 'ws://localhost:1420/' failed: Error in connection establishment: net::ERR_CONNECTION_REFUSED @ http://localhost:1420/@vite/client:1034
[ 1141032ms] [ERROR] WebSocket connection to 'ws://localhost:1420/' failed: Error in connection establishment: net::ERR_CONNECTION_REFUSED @ http://localhost:1420/@vite/client:1034
[ 1145285ms] [ERROR] WebSocket connection to 'ws://localhost:1420/' failed: Error in connection establishment: net::ERR_CONNECTION_REFUSED @ http://localhost:1420/@vite/client:1034
[ 1149765ms] [ERROR] WebSocket connection to 'ws://localhost:1420/' failed: Error in connection establishment: net::ERR_CONNECTION_REFUSED @ http://localhost:1420/@vite/client:1034
[ 1155241ms] [ERROR] WebSocket connection to 'ws://localhost:1420/' failed: Error in connection establishment: net::ERR_CONNECTION_REFUSED @ http://localhost:1420/@vite/client:1034
[ 1160929ms] [ERROR] WebSocket connection to 'ws://localhost:1420/' failed: Error in connection establishment: net::ERR_CONNECTION_REFUSED @ http://localhost:1420/@vite/client:1034
[ 1164604ms] [ERROR] WebSocket connection to 'ws://localhost:1420/' failed: Error in connection establishment: net::ERR_CONNECTION_REFUSED @ http://localhost:1420/@vite/client:1034
[ 1167913ms] [ERROR] WebSocket connection to 'ws://localhost:1420/' failed: Error in connection establishment: net::ERR_CONNECTION_REFUSED @ http://localhost:1420/@vite/client:1034
[ 1172591ms] [ERROR] WebSocket connection to 'ws://localhost:1420/' failed: Error in connection establishment: net::ERR_CONNECTION_REFUSED @ http://localhost:1420/@vite/client:1034
[ 1176615ms] [ERROR] WebSocket connection to 'ws://localhost:1420/' failed: Error in connection establishment: net::ERR_CONNECTION_REFUSED @ http://localhost:1420/@vite/client:1034
[ 1178781ms] [ERROR] WebSocket connection to 'ws://localhost:1420/' failed: Error in connection establishment: net::ERR_CONNECTION_REFUSED @ http://localhost:1420/@vite/client:1034
[ 1182810ms] [ERROR] WebSocket connection to 'ws://localhost:1420/' failed: Error in connection establishment: net::ERR_CONNECTION_REFUSED @ http://localhost:1420/@vite/client:1034
[ 1188467ms] [ERROR] WebSocket connection to 'ws://localhost:1420/' failed: Error in connection establishment: net::ERR_CONNECTION_REFUSED @ http://localhost:1420/@vite/client:1034
[ 1194082ms] [ERROR] WebSocket connection to 'ws://localhost:1420/' failed: Error in connection establishment: net::ERR_CONNECTION_REFUSED @ http://localhost:1420/@vite/client:1034
[ 1197301ms] [ERROR] WebSocket connection to 'ws://localhost:1420/' failed: Error in connection establishment: net::ERR_CONNECTION_REFUSED @ http://localhost:1420/@vite/client:1034
[ 1200251ms] [ERROR] WebSocket connection to 'ws://localhost:1420/' failed: Error in connection establishment: net::ERR_CONNECTION_REFUSED @ http://localhost:1420/@vite/client:1034
[ 1202987ms] [ERROR] WebSocket connection to 'ws://localhost:1420/' failed: Error in connection establishment: net::ERR_CONNECTION_REFUSED @ http://localhost:1420/@vite/client:1034
[ 1205860ms] [ERROR] WebSocket connection to 'ws://localhost:1420/' failed: Error in connection establishment: net::ERR_CONNECTION_REFUSED @ http://localhost:1420/@vite/client:1034
[ 1208057ms] [ERROR] WebSocket connection to 'ws://localhost:1420/' failed: Error in connection establishment: net::ERR_CONNECTION_REFUSED @ http://localhost:1420/@vite/client:1034
[ 1213651ms] [ERROR] WebSocket connection to 'ws://localhost:1420/' failed: Error in connection establishment: net::ERR_CONNECTION_REFUSED @ http://localhost:1420/@vite/client:1034
[ 1215743ms] [ERROR] WebSocket connection to 'ws://localhost:1420/' failed: Error in connection establishment: net::ERR_CONNECTION_REFUSED @ http://localhost:1420/@vite/client:1034
[ 1221092ms] [ERROR] WebSocket connection to 'ws://localhost:1420/' failed: Error in connection establishment: net::ERR_CONNECTION_REFUSED @ http://localhost:1420/@vite/client:1034
[ 1223144ms] [ERROR] WebSocket connection to 'ws://localhost:1420/' failed: Error in connection establishment: net::ERR_CONNECTION_REFUSED @ http://localhost:1420/@vite/client:1034
[ 1227003ms] [ERROR] WebSocket connection to 'ws://localhost:1420/' failed: Error in connection establishment: net::ERR_CONNECTION_REFUSED @ http://localhost:1420/@vite/client:1034
[ 1229535ms] [ERROR] WebSocket connection to 'ws://localhost:1420/' failed: Error in connection establishment: net::ERR_CONNECTION_REFUSED @ http://localhost:1420/@vite/client:1034
[ 1234138ms] [ERROR] WebSocket connection to 'ws://localhost:1420/' failed: Error in connection establishment: net::ERR_CONNECTION_REFUSED @ http://localhost:1420/@vite/client:1034
[ 1236845ms] [ERROR] WebSocket connection to 'ws://localhost:1420/' failed: Error in connection establishment: net::ERR_CONNECTION_REFUSED @ http://localhost:1420/@vite/client:1034
[ 1241717ms] [ERROR] WebSocket connection to 'ws://localhost:1420/' failed: Error in connection establishment: net::ERR_CONNECTION_REFUSED @ http://localhost:1420/@vite/client:1034
[ 1246824ms] [ERROR] WebSocket connection to 'ws://localhost:1420/' failed: Error in connection establishment: net::ERR_CONNECTION_REFUSED @ http://localhost:1420/@vite/client:1034
[ 1249757ms] [ERROR] WebSocket connection to 'ws://localhost:1420/' failed: Error in connection establishment: net::ERR_CONNECTION_REFUSED @ http://localhost:1420/@vite/client:1034
[ 1252707ms] [ERROR] WebSocket connection to 'ws://localhost:1420/' failed: Error in connection establishment: net::ERR_CONNECTION_REFUSED @ http://localhost:1420/@vite/client:1034
[ 1255552ms] [ERROR] WebSocket connection to 'ws://localhost:1420/' failed: Error in connection establishment: net::ERR_CONNECTION_REFUSED @ http://localhost:1420/@vite/client:1034
[ 1259399ms] [ERROR] WebSocket connection to 'ws://localhost:1420/' failed: Error in connection establishment: net::ERR_CONNECTION_REFUSED @ http://localhost:1420/@vite/client:1034
[ 1263806ms] [ERROR] WebSocket connection to 'ws://localhost:1420/' failed: Error in connection establishment: net::ERR_CONNECTION_REFUSED @ http://localhost:1420/@vite/client:1034
[ 1265822ms] [ERROR] WebSocket connection to 'ws://localhost:1420/' failed: Error in connection establishment: net::ERR_CONNECTION_REFUSED @ http://localhost:1420/@vite/client:1034
[ 1269413ms] [ERROR] WebSocket connection to 'ws://localhost:1420/' failed: Error in connection establishment: net::ERR_CONNECTION_REFUSED @ http://localhost:1420/@vite/client:1034
[ 1271582ms] [ERROR] WebSocket connection to 'ws://localhost:1420/' failed: Error in connection establishment: net::ERR_CONNECTION_REFUSED @ http://localhost:1420/@vite/client:1034
[ 1275998ms] [ERROR] WebSocket connection to 'ws://localhost:1420/' failed: Error in connection establishment: net::ERR_CONNECTION_REFUSED @ http://localhost:1420/@vite/client:1034
[ 1278738ms] [ERROR] WebSocket connection to 'ws://localhost:1420/' failed: Error in connection establishment: net::ERR_CONNECTION_REFUSED @ http://localhost:1420/@vite/client:1034
[ 1283315ms] [ERROR] WebSocket connection to 'ws://localhost:1420/' failed: Error in connection establishment: net::ERR_CONNECTION_REFUSED @ http://localhost:1420/@vite/client:1034
[ 1289258ms] [ERROR] WebSocket connection to 'ws://localhost:1420/' failed: Error in connection establishment: net::ERR_CONNECTION_REFUSED @ http://localhost:1420/@vite/client:1034
[ 1294479ms] [ERROR] WebSocket connection to 'ws://localhost:1420/' failed: Error in connection establishment: net::ERR_CONNECTION_REFUSED @ http://localhost:1420/@vite/client:1034
[ 1297754ms] [ERROR] WebSocket connection to 'ws://localhost:1420/' failed: Error in connection establishment: net::ERR_CONNECTION_REFUSED @ http://localhost:1420/@vite/client:1034
[ 1302617ms] [ERROR] WebSocket connection to 'ws://localhost:1420/' failed: Error in connection establishment: net::ERR_CONNECTION_REFUSED @ http://localhost:1420/@vite/client:1034
[ 1306264ms] [ERROR] WebSocket connection to 'ws://localhost:1420/' failed: Error in connection establishment: net::ERR_CONNECTION_REFUSED @ http://localhost:1420/@vite/client:1034
[ 1311864ms] [ERROR] WebSocket connection to 'ws://localhost:1420/' failed: Error in connection establishment: net::ERR_CONNECTION_REFUSED @ http://localhost:1420/@vite/client:1034
[ 1314364ms] [ERROR] WebSocket connection to 'ws://localhost:1420/' failed: Error in connection establishment: net::ERR_CONNECTION_REFUSED @ http://localhost:1420/@vite/client:1034
[ 1319954ms] [ERROR] WebSocket connection to 'ws://localhost:1420/' failed: Error in connection establishment: net::ERR_CONNECTION_REFUSED @ http://localhost:1420/@vite/client:1034
[ 1325081ms] [ERROR] WebSocket connection to 'ws://localhost:1420/' failed: Error in connection establishment: net::ERR_CONNECTION_REFUSED @ http://localhost:1420/@vite/client:1034
[ 1328879ms] [ERROR] WebSocket connection to 'ws://localhost:1420/' failed: Error in connection establishment: net::ERR_CONNECTION_REFUSED @ http://localhost:1420/@vite/client:1034
[ 1332547ms] [ERROR] WebSocket connection to 'ws://localhost:1420/' failed: Error in connection establishment: net::ERR_CONNECTION_REFUSED @ http://localhost:1420/@vite/client:1034
[ 1336624ms] [ERROR] WebSocket connection to 'ws://localhost:1420/' failed: Error in connection establishment: net::ERR_CONNECTION_REFUSED @ http://localhost:1420/@vite/client:1034
[ 1341888ms] [ERROR] WebSocket connection to 'ws://localhost:1420/' failed: Error in connection establishment: net::ERR_CONNECTION_REFUSED @ http://localhost:1420/@vite/client:1034
[ 1345014ms] [ERROR] WebSocket connection to 'ws://localhost:1420/' failed: Error in connection establishment: net::ERR_CONNECTION_REFUSED @ http://localhost:1420/@vite/client:1034
[ 1347505ms] [ERROR] WebSocket connection to 'ws://localhost:1420/' failed: Error in connection establishment: net::ERR_CONNECTION_REFUSED @ http://localhost:1420/@vite/client:1034
[ 1352491ms] [ERROR] WebSocket connection to 'ws://localhost:1420/' failed: Error in connection establishment: net::ERR_CONNECTION_REFUSED @ http://localhost:1420/@vite/client:1034
[ 1357705ms] [ERROR] WebSocket connection to 'ws://localhost:1420/' failed: Error in connection establishment: net::ERR_CONNECTION_REFUSED @ http://localhost:1420/@vite/client:1034
[ 1360830ms] [ERROR] WebSocket connection to 'ws://localhost:1420/' failed: Error in connection establishment: net::ERR_CONNECTION_REFUSED @ http://localhost:1420/@vite/client:1034
[ 1364498ms] [ERROR] WebSocket connection to 'ws://localhost:1420/' failed: Error in connection establishment: net::ERR_CONNECTION_REFUSED @ http://localhost:1420/@vite/client:1034
[ 1367292ms] [ERROR] WebSocket connection to 'ws://localhost:1420/' failed: Error in connection establishment: net::ERR_CONNECTION_REFUSED @ http://localhost:1420/@vite/client:1034
[ 1370513ms] [ERROR] WebSocket connection to 'ws://localhost:1420/' failed: Error in connection establishment: net::ERR_CONNECTION_REFUSED @ http://localhost:1420/@vite/client:1034
[ 1374572ms] [ERROR] WebSocket connection to 'ws://localhost:1420/' failed: Error in connection establishment: net::ERR_CONNECTION_REFUSED @ http://localhost:1420/@vite/client:1034
[ 1380513ms] [ERROR] WebSocket connection to 'ws://localhost:1420/' failed: Error in connection establishment: net::ERR_CONNECTION_REFUSED @ http://localhost:1420/@vite/client:1034
[ 1384971ms] [ERROR] WebSocket connection to 'ws://localhost:1420/' failed: Error in connection establishment: net::ERR_CONNECTION_REFUSED @ http://localhost:1420/@vite/client:1034
[ 1387809ms] [ERROR] WebSocket connection to 'ws://localhost:1420/' failed: Error in connection establishment: net::ERR_CONNECTION_REFUSED @ http://localhost:1420/@vite/client:1034
[ 1392097ms] [ERROR] WebSocket connection to 'ws://localhost:1420/' failed: Error in connection establishment: net::ERR_CONNECTION_REFUSED @ http://localhost:1420/@vite/client:1034
[ 1394390ms] [ERROR] WebSocket connection to 'ws://localhost:1420/' failed: Error in connection establishment: net::ERR_CONNECTION_REFUSED @ http://localhost:1420/@vite/client:1034
[ 1398365ms] [ERROR] WebSocket connection to 'ws://localhost:1420/' failed: Error in connection establishment: net::ERR_CONNECTION_REFUSED @ http://localhost:1420/@vite/client:1034
[ 1402613ms] [ERROR] WebSocket connection to 'ws://localhost:1420/' failed: Error in connection establishment: net::ERR_CONNECTION_REFUSED @ http://localhost:1420/@vite/client:1034
[ 1405981ms] [ERROR] WebSocket connection to 'ws://localhost:1420/' failed: Error in connection establishment: net::ERR_CONNECTION_REFUSED @ http://localhost:1420/@vite/client:1034
[ 1411524ms] [ERROR] WebSocket connection to 'ws://localhost:1420/' failed: Error in connection establishment: net::ERR_CONNECTION_REFUSED @ http://localhost:1420/@vite/client:1034
[ 1415415ms] [ERROR] WebSocket connection to 'ws://localhost:1420/' failed: Error in connection establishment: net::ERR_CONNECTION_REFUSED @ http://localhost:1420/@vite/client:1034
[ 1417463ms] [ERROR] WebSocket connection to 'ws://localhost:1420/' failed: Error in connection establishment: net::ERR_CONNECTION_REFUSED @ http://localhost:1420/@vite/client:1034
[ 1420261ms] [ERROR] WebSocket connection to 'ws://localhost:1420/' failed: Error in connection establishment: net::ERR_CONNECTION_REFUSED @ http://localhost:1420/@vite/client:1034
[ 1423717ms] [ERROR] WebSocket connection to 'ws://localhost:1420/' failed: Error in connection establishment: net::ERR_CONNECTION_REFUSED @ http://localhost:1420/@vite/client:1034
[ 1426772ms] [ERROR] WebSocket connection to 'ws://localhost:1420/' failed: Error in connection establishment: net::ERR_CONNECTION_REFUSED @ http://localhost:1420/@vite/client:1034
[ 1431659ms] [ERROR] WebSocket connection to 'ws://localhost:1420/' failed: Error in connection establishment: net::ERR_CONNECTION_REFUSED @ http://localhost:1420/@vite/client:1034
[ 1435713ms] [ERROR] WebSocket connection to 'ws://localhost:1420/' failed: Error in connection establishment: net::ERR_CONNECTION_REFUSED @ http://localhost:1420/@vite/client:1034
[ 1440808ms] [ERROR] WebSocket connection to 'ws://localhost:1420/' failed: Error in connection establishment: net::ERR_CONNECTION_REFUSED @ http://localhost:1420/@vite/client:1034
[ 1443713ms] [ERROR] WebSocket connection to 'ws://localhost:1420/' failed: Error in connection establishment: net::ERR_CONNECTION_REFUSED @ http://localhost:1420/@vite/client:1034
[ 1447814ms] [ERROR] WebSocket connection to 'ws://localhost:1420/' failed: Error in connection establishment: net::ERR_CONNECTION_REFUSED @ http://localhost:1420/@vite/client:1034
[ 1451109ms] [ERROR] WebSocket connection to 'ws://localhost:1420/' failed: Error in connection establishment: net::ERR_CONNECTION_REFUSED @ http://localhost:1420/@vite/client:1034
[ 1456350ms] [ERROR] WebSocket connection to 'ws://localhost:1420/' failed: Error in connection establishment: net::ERR_CONNECTION_REFUSED @ http://localhost:1420/@vite/client:1034
[ 1459783ms] [ERROR] WebSocket connection to 'ws://localhost:1420/' failed: Error in connection establishment: net::ERR_CONNECTION_REFUSED @ http://localhost:1420/@vite/client:1034
[ 1465616ms] [ERROR] WebSocket connection to 'ws://localhost:1420/' failed: Error in connection establishment: net::ERR_CONNECTION_REFUSED @ http://localhost:1420/@vite/client:1034
[ 1468610ms] [ERROR] WebSocket connection to 'ws://localhost:1420/' failed: Error in connection establishment: net::ERR_CONNECTION_REFUSED @ http://localhost:1420/@vite/client:1034
[ 1474249ms] [ERROR] WebSocket connection to 'ws://localhost:1420/' failed: Error in connection establishment: net::ERR_CONNECTION_REFUSED @ http://localhost:1420/@vite/client:1034
[ 1478663ms] [ERROR] WebSocket connection to 'ws://localhost:1420/' failed: Error in connection establishment: net::ERR_CONNECTION_REFUSED @ http://localhost:1420/@vite/client:1034
[ 1484288ms] [ERROR] WebSocket connection to 'ws://localhost:1420/' failed: Error in connection establishment: net::ERR_CONNECTION_REFUSED @ http://localhost:1420/@vite/client:1034
[ 1487921ms] [ERROR] WebSocket connection to 'ws://localhost:1420/' failed: Error in connection establishment: net::ERR_CONNECTION_REFUSED @ http://localhost:1420/@vite/client:1034
[ 1493555ms] [ERROR] WebSocket connection to 'ws://localhost:1420/' failed: Error in connection establishment: net::ERR_CONNECTION_REFUSED @ http://localhost:1420/@vite/client:1034
[ 1499026ms] [ERROR] WebSocket connection to 'ws://localhost:1420/' failed: Error in connection establishment: net::ERR_CONNECTION_REFUSED @ http://localhost:1420/@vite/client:1034
[ 1502211ms] [ERROR] WebSocket connection to 'ws://localhost:1420/' failed: Error in connection establishment: net::ERR_CONNECTION_REFUSED @ http://localhost:1420/@vite/client:1034
[ 1508196ms] [ERROR] WebSocket connection to 'ws://localhost:1420/' failed: Error in connection establishment: net::ERR_CONNECTION_REFUSED @ http://localhost:1420/@vite/client:1034
[ 1510742ms] [ERROR] WebSocket connection to 'ws://localhost:1420/' failed: Error in connection establishment: net::ERR_CONNECTION_REFUSED @ http://localhost:1420/@vite/client:1034
[ 1511744ms] [ERROR] WebSocket connection to 'ws://localhost:1420/' failed: Error in connection establishment: net::ERR_CONNECTION_REFUSED @ http://localhost:1420/@vite/client:1034
[ 1512746ms] [ERROR] WebSocket connection to 'ws://localhost:1420/' failed: Error in connection establishment: net::ERR_CONNECTION_REFUSED @ http://localhost:1420/@vite/client:1034
[ 1513748ms] [ERROR] WebSocket connection to 'ws://localhost:1420/' failed: Error in connection establishment: net::ERR_CONNECTION_REFUSED @ http://localhost:1420/@vite/client:1034
[ 1514750ms] [ERROR] WebSocket connection to 'ws://localhost:1420/' failed: Error in connection establishment: net::ERR_CONNECTION_REFUSED @ http://localhost:1420/@vite/client:1034
[ 1515754ms] [ERROR] WebSocket connection to 'ws://localhost:1420/' failed: Error in connection establishment: net::ERR_CONNECTION_REFUSED @ http://localhost:1420/@vite/client:1034
[ 1516760ms] [ERROR] WebSocket connection to 'ws://localhost:1420/' failed: Error in connection establishment: net::ERR_CONNECTION_REFUSED @ http://localhost:1420/@vite/client:1034
[ 1517771ms] [ERROR] WebSocket connection to 'ws://localhost:1420/' failed: Error in connection establishment: net::ERR_CONNECTION_REFUSED @ http://localhost:1420/@vite/client:1034
[ 1518779ms] [ERROR] WebSocket connection to 'ws://localhost:1420/' failed: Error in connection establishment: net::ERR_CONNECTION_REFUSED @ http://localhost:1420/@vite/client:1034
[ 1519806ms] [ERROR] WebSocket connection to 'ws://localhost:1420/' failed: Error in connection establishment: net::ERR_CONNECTION_REFUSED @ http://localhost:1420/@vite/client:1034
[ 1520827ms] [ERROR] WebSocket connection to 'ws://localhost:1420/' failed: Error in connection establishment: net::ERR_CONNECTION_REFUSED @ http://localhost:1420/@vite/client:1034
[ 1521940ms] [ERROR] WebSocket connection to 'ws://localhost:1420/' failed: Error in connection establishment: net::ERR_CONNECTION_REFUSED @ http://localhost:1420/@vite/client:1034
[ 1523137ms] [ERROR] WebSocket connection to 'ws://localhost:1420/' failed: Error in connection establishment: net::ERR_CONNECTION_REFUSED @ http://localhost:1420/@vite/client:1034
[ 1524605ms] [ERROR] WebSocket connection to 'ws://localhost:1420/' failed: Error in connection establishment: net::ERR_CONNECTION_REFUSED @ http://localhost:1420/@vite/client:1034
[ 1525949ms] [ERROR] WebSocket connection to 'ws://localhost:1420/' failed: Error in connection establishment: net::ERR_CONNECTION_REFUSED @ http://localhost:1420/@vite/client:1034
[ 1527521ms] [ERROR] WebSocket connection to 'ws://localhost:1420/' failed: Error in connection establishment: net::ERR_CONNECTION_REFUSED @ http://localhost:1420/@vite/client:1034
[ 1532449ms] [ERROR] WebSocket connection to 'ws://localhost:1420/' failed: Error in connection establishment: net::ERR_CONNECTION_REFUSED @ http://localhost:1420/@vite/client:1034
[ 1538246ms] [ERROR] WebSocket connection to 'ws://localhost:1420/' failed: Error in connection establishment: net::ERR_CONNECTION_REFUSED @ http://localhost:1420/@vite/client:1034
[ 1540479ms] [ERROR] WebSocket connection to 'ws://localhost:1420/' failed: Error in connection establishment: net::ERR_CONNECTION_REFUSED @ http://localhost:1420/@vite/client:1034
[ 1544892ms] [ERROR] WebSocket connection to 'ws://localhost:1420/' failed: Error in connection establishment: net::ERR_CONNECTION_REFUSED @ http://localhost:1420/@vite/client:1034
[ 1550854ms] [ERROR] WebSocket connection to 'ws://localhost:1420/' failed: Error in connection establishment: net::ERR_CONNECTION_REFUSED @ http://localhost:1420/@vite/client:1034
[ 1555950ms] [ERROR] WebSocket connection to 'ws://localhost:1420/' failed: Error in connection establishment: net::ERR_CONNECTION_REFUSED @ http://localhost:1420/@vite/client:1034
[ 1558846ms] [ERROR] WebSocket connection to 'ws://localhost:1420/' failed: Error in connection establishment: net::ERR_CONNECTION_REFUSED @ http://localhost:1420/@vite/client:1034
[ 1561909ms] [ERROR] WebSocket connection to 'ws://localhost:1420/' failed: Error in connection establishment: net::ERR_CONNECTION_REFUSED @ http://localhost:1420/@vite/client:1034
[ 1567579ms] [ERROR] WebSocket connection to 'ws://localhost:1420/' failed: Error in connection establishment: net::ERR_CONNECTION_REFUSED @ http://localhost:1420/@vite/client:1034
[ 1570164ms] [ERROR] WebSocket connection to 'ws://localhost:1420/' failed: Error in connection establishment: net::ERR_CONNECTION_REFUSED @ http://localhost:1420/@vite/client:1034
[ 1574883ms] [ERROR] WebSocket connection to 'ws://localhost:1420/' failed: Error in connection establishment: net::ERR_CONNECTION_REFUSED @ http://localhost:1420/@vite/client:1034
[ 1578641ms] [ERROR] WebSocket connection to 'ws://localhost:1420/' failed: Error in connection establishment: net::ERR_CONNECTION_REFUSED @ http://localhost:1420/@vite/client:1034
[ 1583831ms] [ERROR] WebSocket connection to 'ws://localhost:1420/' failed: Error in connection establishment: net::ERR_CONNECTION_REFUSED @ http://localhost:1420/@vite/client:1034
[ 1589727ms] [ERROR] WebSocket connection to 'ws://localhost:1420/' failed: Error in connection establishment: net::ERR_CONNECTION_REFUSED @ http://localhost:1420/@vite/client:1034
[ 1592122ms] [ERROR] WebSocket connection to 'ws://localhost:1420/' failed: Error in connection establishment: net::ERR_CONNECTION_REFUSED @ http://localhost:1420/@vite/client:1034
[ 1596584ms] [ERROR] WebSocket connection to 'ws://localhost:1420/' failed: Error in connection establishment: net::ERR_CONNECTION_REFUSED @ http://localhost:1420/@vite/client:1034
[ 1600050ms] [ERROR] WebSocket connection to 'ws://localhost:1420/' failed: Error in connection establishment: net::ERR_CONNECTION_REFUSED @ http://localhost:1420/@vite/client:1034
[ 1606046ms] [ERROR] WebSocket connection to 'ws://localhost:1420/' failed: Error in connection establishment: net::ERR_CONNECTION_REFUSED @ http://localhost:1420/@vite/client:1034
[ 1609767ms] [ERROR] WebSocket connection to 'ws://localhost:1420/' failed: Error in connection establishment: net::ERR_CONNECTION_REFUSED @ http://localhost:1420/@vite/client:1034
[ 1615575ms] [ERROR] WebSocket connection to 'ws://localhost:1420/' failed: Error in connection establishment: net::ERR_CONNECTION_REFUSED @ http://localhost:1420/@vite/client:1034
[ 1617966ms] [ERROR] WebSocket connection to 'ws://localhost:1420/' failed: Error in connection establishment: net::ERR_CONNECTION_REFUSED @ http://localhost:1420/@vite/client:1034
[ 1621418ms] [ERROR] WebSocket connection to 'ws://localhost:1420/' failed: Error in connection establishment: net::ERR_CONNECTION_REFUSED @ http://localhost:1420/@vite/client:1034
[ 1623746ms] [ERROR] WebSocket connection to 'ws://localhost:1420/' failed: Error in connection establishment: net::ERR_CONNECTION_REFUSED @ http://localhost:1420/@vite/client:1034
[ 1628896ms] [ERROR] WebSocket connection to 'ws://localhost:1420/' failed: Error in connection establishment: net::ERR_CONNECTION_REFUSED @ http://localhost:1420/@vite/client:1034
[ 1632708ms] [ERROR] WebSocket connection to 'ws://localhost:1420/' failed: Error in connection establishment: net::ERR_CONNECTION_REFUSED @ http://localhost:1420/@vite/client:1034
[ 1636700ms] [ERROR] WebSocket connection to 'ws://localhost:1420/' failed: Error in connection establishment: net::ERR_CONNECTION_REFUSED @ http://localhost:1420/@vite/client:1034
[ 1641827ms] [ERROR] WebSocket connection to 'ws://localhost:1420/' failed: Error in connection establishment: net::ERR_CONNECTION_REFUSED @ http://localhost:1420/@vite/client:1034
[ 1647380ms] [ERROR] WebSocket connection to 'ws://localhost:1420/' failed: Error in connection establishment: net::ERR_CONNECTION_REFUSED @ http://localhost:1420/@vite/client:1034
[ 1652538ms] [ERROR] WebSocket connection to 'ws://localhost:1420/' failed: Error in connection establishment: net::ERR_CONNECTION_REFUSED @ http://localhost:1420/@vite/client:1034
[ 1654991ms] [ERROR] WebSocket connection to 'ws://localhost:1420/' failed: Error in connection establishment: net::ERR_CONNECTION_REFUSED @ http://localhost:1420/@vite/client:1034
[ 1658888ms] [ERROR] WebSocket connection to 'ws://localhost:1420/' failed: Error in connection establishment: net::ERR_CONNECTION_REFUSED @ http://localhost:1420/@vite/client:1034
[ 1661066ms] [ERROR] WebSocket connection to 'ws://localhost:1420/' failed: Error in connection establishment: net::ERR_CONNECTION_REFUSED @ http://localhost:1420/@vite/client:1034
[ 1667063ms] [ERROR] WebSocket connection to 'ws://localhost:1420/' failed: Error in connection establishment: net::ERR_CONNECTION_REFUSED @ http://localhost:1420/@vite/client:1034
[ 1672583ms] [ERROR] WebSocket connection to 'ws://localhost:1420/' failed: Error in connection establishment: net::ERR_CONNECTION_REFUSED @ http://localhost:1420/@vite/client:1034
[ 1677730ms] [ERROR] WebSocket connection to 'ws://localhost:1420/' failed: Error in connection establishment: net::ERR_CONNECTION_REFUSED @ http://localhost:1420/@vite/client:1034
[ 1683166ms] [ERROR] WebSocket connection to 'ws://localhost:1420/' failed: Error in connection establishment: net::ERR_CONNECTION_REFUSED @ http://localhost:1420/@vite/client:1034
[ 1686391ms] [ERROR] WebSocket connection to 'ws://localhost:1420/' failed: Error in connection establishment: net::ERR_CONNECTION_REFUSED @ http://localhost:1420/@vite/client:1034
[ 1689294ms] [ERROR] WebSocket connection to 'ws://localhost:1420/' failed: Error in connection establishment: net::ERR_CONNECTION_REFUSED @ http://localhost:1420/@vite/client:1034
[ 1692780ms] [ERROR] WebSocket connection to 'ws://localhost:1420/' failed: Error in connection establishment: net::ERR_CONNECTION_REFUSED @ http://localhost:1420/@vite/client:1034
[ 1694933ms] [ERROR] WebSocket connection to 'ws://localhost:1420/' failed: Error in connection establishment: net::ERR_CONNECTION_REFUSED @ http://localhost:1420/@vite/client:1034
[ 1700878ms] [ERROR] WebSocket connection to 'ws://localhost:1420/' failed: Error in connection establishment: net::ERR_CONNECTION_REFUSED @ http://localhost:1420/@vite/client:1034
[ 1706083ms] [ERROR] WebSocket connection to 'ws://localhost:1420/' failed: Error in connection establishment: net::ERR_CONNECTION_REFUSED @ http://localhost:1420/@vite/client:1034
[ 1708663ms] [ERROR] WebSocket connection to 'ws://localhost:1420/' failed: Error in connection establishment: net::ERR_CONNECTION_REFUSED @ http://localhost:1420/@vite/client:1034
[ 1713718ms] [ERROR] WebSocket connection to 'ws://localhost:1420/' failed: Error in connection establishment: net::ERR_CONNECTION_REFUSED @ http://localhost:1420/@vite/client:1034
[ 1719400ms] [ERROR] WebSocket connection to 'ws://localhost:1420/' failed: Error in connection establishment: net::ERR_CONNECTION_REFUSED @ http://localhost:1420/@vite/client:1034
[ 1723950ms] [ERROR] WebSocket connection to 'ws://localhost:1420/' failed: Error in connection establishment: net::ERR_CONNECTION_REFUSED @ http://localhost:1420/@vite/client:1034
[ 1727368ms] [ERROR] WebSocket connection to 'ws://localhost:1420/' failed: Error in connection establishment: net::ERR_CONNECTION_REFUSED @ http://localhost:1420/@vite/client:1034
[ 1730725ms] [ERROR] WebSocket connection to 'ws://localhost:1420/' failed: Error in connection establishment: net::ERR_CONNECTION_REFUSED @ http://localhost:1420/@vite/client:1034
[ 1735955ms] [ERROR] WebSocket connection to 'ws://localhost:1420/' failed: Error in connection establishment: net::ERR_CONNECTION_REFUSED @ http://localhost:1420/@vite/client:1034
[ 1738427ms] [ERROR] WebSocket connection to 'ws://localhost:1420/' failed: Error in connection establishment: net::ERR_CONNECTION_REFUSED @ http://localhost:1420/@vite/client:1034
[ 1742872ms] [ERROR] WebSocket connection to 'ws://localhost:1420/' failed: Error in connection establishment: net::ERR_CONNECTION_REFUSED @ http://localhost:1420/@vite/client:1034
[ 1746272ms] [ERROR] WebSocket connection to 'ws://localhost:1420/' failed: Error in connection establishment: net::ERR_CONNECTION_REFUSED @ http://localhost:1420/@vite/client:1034
[ 1750850ms] [ERROR] WebSocket connection to 'ws://localhost:1420/' failed: Error in connection establishment: net::ERR_CONNECTION_REFUSED @ http://localhost:1420/@vite/client:1034
[ 1751852ms] [ERROR] WebSocket connection to 'ws://localhost:1420/' failed: Error in connection establishment: net::ERR_CONNECTION_REFUSED @ http://localhost:1420/@vite/client:1034
[ 1752854ms] [ERROR] WebSocket connection to 'ws://localhost:1420/' failed: Error in connection establishment: net::ERR_CONNECTION_REFUSED @ http://localhost:1420/@vite/client:1034
[ 1753856ms] [ERROR] WebSocket connection to 'ws://localhost:1420/' failed: Error in connection establishment: net::ERR_CONNECTION_REFUSED @ http://localhost:1420/@vite/client:1034
[ 1754859ms] [ERROR] WebSocket connection to 'ws://localhost:1420/' failed: Error in connection establishment: net::ERR_CONNECTION_REFUSED @ http://localhost:1420/@vite/client:1034
[ 1755862ms] [ERROR] WebSocket connection to 'ws://localhost:1420/' failed: Error in connection establishment: net::ERR_CONNECTION_REFUSED @ http://localhost:1420/@vite/client:1034
[ 1756869ms] [ERROR] WebSocket connection to 'ws://localhost:1420/' failed: Error in connection establishment: net::ERR_CONNECTION_REFUSED @ http://localhost:1420/@vite/client:1034
[ 1757880ms] [ERROR] WebSocket connection to 'ws://localhost:1420/' failed: Error in connection establishment: net::ERR_CONNECTION_REFUSED @ http://localhost:1420/@vite/client:1034
[ 1758893ms] [ERROR] WebSocket connection to 'ws://localhost:1420/' failed: Error in connection establishment: net::ERR_CONNECTION_REFUSED @ http://localhost:1420/@vite/client:1034
[ 1759912ms] [ERROR] WebSocket connection to 'ws://localhost:1420/' failed: Error in connection establishment: net::ERR_CONNECTION_REFUSED @ http://localhost:1420/@vite/client:1034
[ 1760981ms] [ERROR] WebSocket connection to 'ws://localhost:1420/' failed: Error in connection establishment: net::ERR_CONNECTION_REFUSED @ http://localhost:1420/@vite/client:1034
[ 1762022ms] [ERROR] WebSocket connection to 'ws://localhost:1420/' failed: Error in connection establishment: net::ERR_CONNECTION_REFUSED @ http://localhost:1420/@vite/client:1034
[ 1763156ms] [ERROR] WebSocket connection to 'ws://localhost:1420/' failed: Error in connection establishment: net::ERR_CONNECTION_REFUSED @ http://localhost:1420/@vite/client:1034
[ 1764680ms] [ERROR] WebSocket connection to 'ws://localhost:1420/' failed: Error in connection establishment: net::ERR_CONNECTION_REFUSED @ http://localhost:1420/@vite/client:1034
[ 1766209ms] [ERROR] WebSocket connection to 'ws://localhost:1420/' failed: Error in connection establishment: net::ERR_CONNECTION_REFUSED @ http://localhost:1420/@vite/client:1034
[ 1768867ms] [ERROR] WebSocket connection to 'ws://localhost:1420/' failed: Error in connection establishment: net::ERR_CONNECTION_REFUSED @ http://localhost:1420/@vite/client:1034
[ 1771967ms] [ERROR] WebSocket connection to 'ws://localhost:1420/' failed: Error in connection establishment: net::ERR_CONNECTION_REFUSED @ http://localhost:1420/@vite/client:1034
[ 1774805ms] [ERROR] WebSocket connection to 'ws://localhost:1420/' failed: Error in connection establishment: net::ERR_CONNECTION_REFUSED @ http://localhost:1420/@vite/client:1034
[ 1778225ms] [ERROR] WebSocket connection to 'ws://localhost:1420/' failed: Error in connection establishment: net::ERR_CONNECTION_REFUSED @ http://localhost:1420/@vite/client:1034
[ 1781948ms] [ERROR] WebSocket connection to 'ws://localhost:1420/' failed: Error in connection establishment: net::ERR_CONNECTION_REFUSED @ http://localhost:1420/@vite/client:1034
[ 1786918ms] [ERROR] WebSocket connection to 'ws://localhost:1420/' failed: Error in connection establishment: net::ERR_CONNECTION_REFUSED @ http://localhost:1420/@vite/client:1034
[ 1792613ms] [ERROR] WebSocket connection to 'ws://localhost:1420/' failed: Error in connection establishment: net::ERR_CONNECTION_REFUSED @ http://localhost:1420/@vite/client:1034
[ 1796501ms] [ERROR] WebSocket connection to 'ws://localhost:1420/' failed: Error in connection establishment: net::ERR_CONNECTION_REFUSED @ http://localhost:1420/@vite/client:1034
[ 1799030ms] [ERROR] WebSocket connection to 'ws://localhost:1420/' failed: Error in connection establishment: net::ERR_CONNECTION_REFUSED @ http://localhost:1420/@vite/client:1034
[ 1804117ms] [ERROR] WebSocket connection to 'ws://localhost:1420/' failed: Error in connection establishment: net::ERR_CONNECTION_REFUSED @ http://localhost:1420/@vite/client:1034
[ 1808091ms] [ERROR] WebSocket connection to 'ws://localhost:1420/' failed: Error in connection establishment: net::ERR_CONNECTION_REFUSED @ http://localhost:1420/@vite/client:1034
[ 1813405ms] [ERROR] WebSocket connection to 'ws://localhost:1420/' failed: Error in connection establishment: net::ERR_CONNECTION_REFUSED @ http://localhost:1420/@vite/client:1034
[ 1816105ms] [ERROR] WebSocket connection to 'ws://localhost:1420/' failed: Error in connection establishment: net::ERR_CONNECTION_REFUSED @ http://localhost:1420/@vite/client:1034
[ 1821248ms] [ERROR] WebSocket connection to 'ws://localhost:1420/' failed: Error in connection establishment: net::ERR_CONNECTION_REFUSED @ http://localhost:1420/@vite/client:1034
[ 1823741ms] [ERROR] WebSocket connection to 'ws://localhost:1420/' failed: Error in connection establishment: net::ERR_CONNECTION_REFUSED @ http://localhost:1420/@vite/client:1034
[ 1827302ms] [ERROR] WebSocket connection to 'ws://localhost:1420/' failed: Error in connection establishment: net::ERR_CONNECTION_REFUSED @ http://localhost:1420/@vite/client:1034
[ 1831666ms] [ERROR] WebSocket connection to 'ws://localhost:1420/' failed: Error in connection establishment: net::ERR_CONNECTION_REFUSED @ http://localhost:1420/@vite/client:1034
[ 1837313ms] [ERROR] WebSocket connection to 'ws://localhost:1420/' failed: Error in connection establishment: net::ERR_CONNECTION_REFUSED @ http://localhost:1420/@vite/client:1034
[ 1839420ms] [ERROR] WebSocket connection to 'ws://localhost:1420/' failed: Error in connection establishment: net::ERR_CONNECTION_REFUSED @ http://localhost:1420/@vite/client:1034
[ 1842168ms] [ERROR] WebSocket connection to 'ws://localhost:1420/' failed: Error in connection establishment: net::ERR_CONNECTION_REFUSED @ http://localhost:1420/@vite/client:1034
[ 1847413ms] [ERROR] WebSocket connection to 'ws://localhost:1420/' failed: Error in connection establishment: net::ERR_CONNECTION_REFUSED @ http://localhost:1420/@vite/client:1034
[ 1850947ms] [ERROR] WebSocket connection to 'ws://localhost:1420/' failed: Error in connection establishment: net::ERR_CONNECTION_REFUSED @ http://localhost:1420/@vite/client:1034
[ 1853375ms] [ERROR] WebSocket connection to 'ws://localhost:1420/' failed: Error in connection establishment: net::ERR_CONNECTION_REFUSED @ http://localhost:1420/@vite/client:1034
[ 1858153ms] [ERROR] WebSocket connection to 'ws://localhost:1420/' failed: Error in connection establishment: net::ERR_CONNECTION_REFUSED @ http://localhost:1420/@vite/client:1034
[ 1863330ms] [ERROR] WebSocket connection to 'ws://localhost:1420/' failed: Error in connection establishment: net::ERR_CONNECTION_REFUSED @ http://localhost:1420/@vite/client:1034
[ 1867506ms] [ERROR] WebSocket connection to 'ws://localhost:1420/' failed: Error in connection establishment: net::ERR_CONNECTION_REFUSED @ http://localhost:1420/@vite/client:1034
[ 1871933ms] [ERROR] WebSocket connection to 'ws://localhost:1420/' failed: Error in connection establishment: net::ERR_CONNECTION_REFUSED @ http://localhost:1420/@vite/client:1034
[ 1874072ms] [ERROR] WebSocket connection to 'ws://localhost:1420/' failed: Error in connection establishment: net::ERR_CONNECTION_REFUSED @ http://localhost:1420/@vite/client:1034
[ 1876281ms] [ERROR] WebSocket connection to 'ws://localhost:1420/' failed: Error in connection establishment: net::ERR_CONNECTION_REFUSED @ http://localhost:1420/@vite/client:1034
[ 1881008ms] [ERROR] WebSocket connection to 'ws://localhost:1420/' failed: Error in connection establishment: net::ERR_CONNECTION_REFUSED @ http://localhost:1420/@vite/client:1034
[ 1883439ms] [ERROR] WebSocket connection to 'ws://localhost:1420/' failed: Error in connection establishment: net::ERR_CONNECTION_REFUSED @ http://localhost:1420/@vite/client:1034
[ 1889255ms] [ERROR] WebSocket connection to 'ws://localhost:1420/' failed: Error in connection establishment: net::ERR_CONNECTION_REFUSED @ http://localhost:1420/@vite/client:1034
[ 1892263ms] [ERROR] WebSocket connection to 'ws://localhost:1420/' failed: Error in connection establishment: net::ERR_CONNECTION_REFUSED @ http://localhost:1420/@vite/client:1034
[ 1895308ms] [ERROR] WebSocket connection to 'ws://localhost:1420/' failed: Error in connection establishment: net::ERR_CONNECTION_REFUSED @ http://localhost:1420/@vite/client:1034
[ 1897592ms] [ERROR] WebSocket connection to 'ws://localhost:1420/' failed: Error in connection establishment: net::ERR_CONNECTION_REFUSED @ http://localhost:1420/@vite/client:1034
[ 1901446ms] [ERROR] WebSocket connection to 'ws://localhost:1420/' failed: Error in connection establishment: net::ERR_CONNECTION_REFUSED @ http://localhost:1420/@vite/client:1034
[ 1903972ms] [ERROR] WebSocket connection to 'ws://localhost:1420/' failed: Error in connection establishment: net::ERR_CONNECTION_REFUSED @ http://localhost:1420/@vite/client:1034
[ 1906857ms] [ERROR] WebSocket connection to 'ws://localhost:1420/' failed: Error in connection establishment: net::ERR_CONNECTION_REFUSED @ http://localhost:1420/@vite/client:1034
[ 1910600ms] [ERROR] WebSocket connection to 'ws://localhost:1420/' failed: Error in connection establishment: net::ERR_CONNECTION_REFUSED @ http://localhost:1420/@vite/client:1034
[ 1915398ms] [ERROR] WebSocket connection to 'ws://localhost:1420/' failed: Error in connection establishment: net::ERR_CONNECTION_REFUSED @ http://localhost:1420/@vite/client:1034
[ 1918258ms] [ERROR] WebSocket connection to 'ws://localhost:1420/' failed: Error in connection establishment: net::ERR_CONNECTION_REFUSED @ http://localhost:1420/@vite/client:1034
[ 1924021ms] [ERROR] WebSocket connection to 'ws://localhost:1420/' failed: Error in connection establishment: net::ERR_CONNECTION_REFUSED @ http://localhost:1420/@vite/client:1034
[ 1926475ms] [ERROR] WebSocket connection to 'ws://localhost:1420/' failed: Error in connection establishment: net::ERR_CONNECTION_REFUSED @ http://localhost:1420/@vite/client:1034
[ 1931900ms] [ERROR] WebSocket connection to 'ws://localhost:1420/' failed: Error in connection establishment: net::ERR_CONNECTION_REFUSED @ http://localhost:1420/@vite/client:1034
[ 1934665ms] [ERROR] WebSocket connection to 'ws://localhost:1420/' failed: Error in connection establishment: net::ERR_CONNECTION_REFUSED @ http://localhost:1420/@vite/client:1034
[ 1940534ms] [ERROR] WebSocket connection to 'ws://localhost:1420/' failed: Error in connection establishment: net::ERR_CONNECTION_REFUSED @ http://localhost:1420/@vite/client:1034
[ 1942926ms] [ERROR] WebSocket connection to 'ws://localhost:1420/' failed: Error in connection establishment: net::ERR_CONNECTION_REFUSED @ http://localhost:1420/@vite/client:1034
[ 1947192ms] [ERROR] WebSocket connection to 'ws://localhost:1420/' failed: Error in connection establishment: net::ERR_CONNECTION_REFUSED @ http://localhost:1420/@vite/client:1034
[ 1951666ms] [ERROR] WebSocket connection to 'ws://localhost:1420/' failed: Error in connection establishment: net::ERR_CONNECTION_REFUSED @ http://localhost:1420/@vite/client:1034
[ 1954755ms] [ERROR] WebSocket connection to 'ws://localhost:1420/' failed: Error in connection establishment: net::ERR_CONNECTION_REFUSED @ http://localhost:1420/@vite/client:1034
[ 1959306ms] [ERROR] WebSocket connection to 'ws://localhost:1420/' failed: Error in connection establishment: net::ERR_CONNECTION_REFUSED @ http://localhost:1420/@vite/client:1034
[ 1963131ms] [ERROR] WebSocket connection to 'ws://localhost:1420/' failed: Error in connection establishment: net::ERR_CONNECTION_REFUSED @ http://localhost:1420/@vite/client:1034
[ 1967088ms] [ERROR] WebSocket connection to 'ws://localhost:1420/' failed: Error in connection establishment: net::ERR_CONNECTION_REFUSED @ http://localhost:1420/@vite/client:1034
[ 1969109ms] [ERROR] WebSocket connection to 'ws://localhost:1420/' failed: Error in connection establishment: net::ERR_CONNECTION_REFUSED @ http://localhost:1420/@vite/client:1034
[ 1972230ms] [ERROR] WebSocket connection to 'ws://localhost:1420/' failed: Error in connection establishment: net::ERR_CONNECTION_REFUSED @ http://localhost:1420/@vite/client:1034
[ 1976787ms] [ERROR] WebSocket connection to 'ws://localhost:1420/' failed: Error in connection establishment: net::ERR_CONNECTION_REFUSED @ http://localhost:1420/@vite/client:1034
[ 1981541ms] [ERROR] WebSocket connection to 'ws://localhost:1420/' failed: Error in connection establishment: net::ERR_CONNECTION_REFUSED @ http://localhost:1420/@vite/client:1034
[ 1984108ms] [ERROR] WebSocket connection to 'ws://localhost:1420/' failed: Error in connection establishment: net::ERR_CONNECTION_REFUSED @ http://localhost:1420/@vite/client:1034
[ 1989192ms] [ERROR] WebSocket connection to 'ws://localhost:1420/' failed: Error in connection establishment: net::ERR_CONNECTION_REFUSED @ http://localhost:1420/@vite/client:1034
[ 1991514ms] [ERROR] WebSocket connection to 'ws://localhost:1420/' failed: Error in connection establishment: net::ERR_CONNECTION_REFUSED @ http://localhost:1420/@vite/client:1034
[ 1992516ms] [ERROR] WebSocket connection to 'ws://localhost:1420/' failed: Error in connection establishment: net::ERR_CONNECTION_REFUSED @ http://localhost:1420/@vite/client:1034
[ 1993518ms] [ERROR] WebSocket connection to 'ws://localhost:1420/' failed: Error in connection establishment: net::ERR_CONNECTION_REFUSED @ http://localhost:1420/@vite/client:1034
[ 1994521ms] [ERROR] WebSocket connection to 'ws://localhost:1420/' failed: Error in connection establishment: net::ERR_CONNECTION_REFUSED @ http://localhost:1420/@vite/client:1034
[ 1995523ms] [ERROR] WebSocket connection to 'ws://localhost:1420/' failed: Error in connection establishment: net::ERR_CONNECTION_REFUSED @ http://localhost:1420/@vite/client:1034
[ 1996528ms] [ERROR] WebSocket connection to 'ws://localhost:1420/' failed: Error in connection establishment: net::ERR_CONNECTION_REFUSED @ http://localhost:1420/@vite/client:1034
[ 1997533ms] [ERROR] WebSocket connection to 'ws://localhost:1420/' failed: Error in connection establishment: net::ERR_CONNECTION_REFUSED @ http://localhost:1420/@vite/client:1034
[ 1998545ms] [ERROR] WebSocket connection to 'ws://localhost:1420/' failed: Error in connection establishment: net::ERR_CONNECTION_REFUSED @ http://localhost:1420/@vite/client:1034
[ 1999568ms] [ERROR] WebSocket connection to 'ws://localhost:1420/' failed: Error in connection establishment: net::ERR_CONNECTION_REFUSED @ http://localhost:1420/@vite/client:1034
[ 2000597ms] [ERROR] WebSocket connection to 'ws://localhost:1420/' failed: Error in connection establishment: net::ERR_CONNECTION_REFUSED @ http://localhost:1420/@vite/client:1034
[ 2001658ms] [ERROR] WebSocket connection to 'ws://localhost:1420/' failed: Error in connection establishment: net::ERR_CONNECTION_REFUSED @ http://localhost:1420/@vite/client:1034
[ 2002799ms] [ERROR] WebSocket connection to 'ws://localhost:1420/' failed: Error in connection establishment: net::ERR_CONNECTION_REFUSED @ http://localhost:1420/@vite/client:1034
[ 2004092ms] [ERROR] WebSocket connection to 'ws://localhost:1420/' failed: Error in connection establishment: net::ERR_CONNECTION_REFUSED @ http://localhost:1420/@vite/client:1034
[ 2005560ms] [ERROR] WebSocket connection to 'ws://localhost:1420/' failed: Error in connection establishment: net::ERR_CONNECTION_REFUSED @ http://localhost:1420/@vite/client:1034
[ 2007049ms] [ERROR] WebSocket connection to 'ws://localhost:1420/' failed: Error in connection establishment: net::ERR_CONNECTION_REFUSED @ http://localhost:1420/@vite/client:1034
[ 2010534ms] [ERROR] WebSocket connection to 'ws://localhost:1420/' failed: Error in connection establishment: net::ERR_CONNECTION_REFUSED @ http://localhost:1420/@vite/client:1034
[ 2014703ms] [ERROR] WebSocket connection to 'ws://localhost:1420/' failed: Error in connection establishment: net::ERR_CONNECTION_REFUSED @ http://localhost:1420/@vite/client:1034
[ 2019084ms] [ERROR] WebSocket connection to 'ws://localhost:1420/' failed: Error in connection establishment: net::ERR_CONNECTION_REFUSED @ http://localhost:1420/@vite/client:1034
[ 2022228ms] [ERROR] WebSocket connection to 'ws://localhost:1420/' failed: Error in connection establishment: net::ERR_CONNECTION_REFUSED @ http://localhost:1420/@vite/client:1034
[ 2027280ms] [ERROR] WebSocket connection to 'ws://localhost:1420/' failed: Error in connection establishment: net::ERR_CONNECTION_REFUSED @ http://localhost:1420/@vite/client:1034
[ 2031868ms] [ERROR] WebSocket connection to 'ws://localhost:1420/' failed: Error in connection establishment: net::ERR_CONNECTION_REFUSED @ http://localhost:1420/@vite/client:1034
[ 2035147ms] [ERROR] WebSocket connection to 'ws://localhost:1420/' failed: Error in connection establishment: net::ERR_CONNECTION_REFUSED @ http://localhost:1420/@vite/client:1034
[ 2037675ms] [ERROR] WebSocket connection to 'ws://localhost:1420/' failed: Error in connection establishment: net::ERR_CONNECTION_REFUSED @ http://localhost:1420/@vite/client:1034
[ 2042100ms] [ERROR] WebSocket connection to 'ws://localhost:1420/' failed: Error in connection establishment: net::ERR_CONNECTION_REFUSED @ http://localhost:1420/@vite/client:1034
[ 2044296ms] [ERROR] WebSocket connection to 'ws://localhost:1420/' failed: Error in connection establishment: net::ERR_CONNECTION_REFUSED @ http://localhost:1420/@vite/client:1034
[ 2048414ms] [ERROR] WebSocket connection to 'ws://localhost:1420/' failed: Error in connection establishment: net::ERR_CONNECTION_REFUSED @ http://localhost:1420/@vite/client:1034
[ 2052330ms] [ERROR] WebSocket connection to 'ws://localhost:1420/' failed: Error in connection establishment: net::ERR_CONNECTION_REFUSED @ http://localhost:1420/@vite/client:1034
[ 2055212ms] [ERROR] WebSocket connection to 'ws://localhost:1420/' failed: Error in connection establishment: net::ERR_CONNECTION_REFUSED @ http://localhost:1420/@vite/client:1034
[ 2060206ms] [ERROR] WebSocket connection to 'ws://localhost:1420/' failed: Error in connection establishment: net::ERR_CONNECTION_REFUSED @ http://localhost:1420/@vite/client:1034
[ 2062823ms] [ERROR] WebSocket connection to 'ws://localhost:1420/' failed: Error in connection establishment: net::ERR_CONNECTION_REFUSED @ http://localhost:1420/@vite/client:1034
[ 2066569ms] [ERROR] WebSocket connection to 'ws://localhost:1420/' failed: Error in connection establishment: net::ERR_CONNECTION_REFUSED @ http://localhost:1420/@vite/client:1034
[ 2070913ms] [ERROR] WebSocket connection to 'ws://localhost:1420/' failed: Error in connection establishment: net::ERR_CONNECTION_REFUSED @ http://localhost:1420/@vite/client:1034
[ 2076056ms] [ERROR] WebSocket connection to 'ws://localhost:1420/' failed: Error in connection establishment: net::ERR_CONNECTION_REFUSED @ http://localhost:1420/@vite/client:1034
[ 2079208ms] [ERROR] WebSocket connection to 'ws://localhost:1420/' failed: Error in connection establishment: net::ERR_CONNECTION_REFUSED @ http://localhost:1420/@vite/client:1034
[ 2083166ms] [ERROR] WebSocket connection to 'ws://localhost:1420/' failed: Error in connection establishment: net::ERR_CONNECTION_REFUSED @ http://localhost:1420/@vite/client:1034
[ 2085608ms] [ERROR] WebSocket connection to 'ws://localhost:1420/' failed: Error in connection establishment: net::ERR_CONNECTION_REFUSED @ http://localhost:1420/@vite/client:1034
[ 2089177ms] [ERROR] WebSocket connection to 'ws://localhost:1420/' failed: Error in connection establishment: net::ERR_CONNECTION_REFUSED @ http://localhost:1420/@vite/client:1034
[ 2093895ms] [ERROR] WebSocket connection to 'ws://localhost:1420/' failed: Error in connection establishment: net::ERR_CONNECTION_REFUSED @ http://localhost:1420/@vite/client:1034
[ 2098178ms] [ERROR] WebSocket connection to 'ws://localhost:1420/' failed: Error in connection establishment: net::ERR_CONNECTION_REFUSED @ http://localhost:1420/@vite/client:1034
[ 2101189ms] [ERROR] WebSocket connection to 'ws://localhost:1420/' failed: Error in connection establishment: net::ERR_CONNECTION_REFUSED @ http://localhost:1420/@vite/client:1034
[ 2104161ms] [ERROR] WebSocket connection to 'ws://localhost:1420/' failed: Error in connection establishment: net::ERR_CONNECTION_REFUSED @ http://localhost:1420/@vite/client:1034
[ 2107000ms] [ERROR] WebSocket connection to 'ws://localhost:1420/' failed: Error in connection establishment: net::ERR_CONNECTION_REFUSED @ http://localhost:1420/@vite/client:1034
[ 2109792ms] [ERROR] WebSocket connection to 'ws://localhost:1420/' failed: Error in connection establishment: net::ERR_CONNECTION_REFUSED @ http://localhost:1420/@vite/client:1034
[ 2115250ms] [ERROR] WebSocket connection to 'ws://localhost:1420/' failed: Error in connection establishment: net::ERR_CONNECTION_REFUSED @ http://localhost:1420/@vite/client:1034
[ 2117615ms] [ERROR] WebSocket connection to 'ws://localhost:1420/' failed: Error in connection establishment: net::ERR_CONNECTION_REFUSED @ http://localhost:1420/@vite/client:1034
[ 2119701ms] [ERROR] WebSocket connection to 'ws://localhost:1420/' failed: Error in connection establishment: net::ERR_CONNECTION_REFUSED @ http://localhost:1420/@vite/client:1034
[ 2124658ms] [ERROR] WebSocket connection to 'ws://localhost:1420/' failed: Error in connection establishment: net::ERR_CONNECTION_REFUSED @ http://localhost:1420/@vite/client:1034
[ 2129931ms] [ERROR] WebSocket connection to 'ws://localhost:1420/' failed: Error in connection establishment: net::ERR_CONNECTION_REFUSED @ http://localhost:1420/@vite/client:1034
[ 2135016ms] [ERROR] WebSocket connection to 'ws://localhost:1420/' failed: Error in connection establishment: net::ERR_CONNECTION_REFUSED @ http://localhost:1420/@vite/client:1034
[ 2140735ms] [ERROR] WebSocket connection to 'ws://localhost:1420/' failed: Error in connection establishment: net::ERR_CONNECTION_REFUSED @ http://localhost:1420/@vite/client:1034
[ 2146109ms] [ERROR] WebSocket connection to 'ws://localhost:1420/' failed: Error in connection establishment: net::ERR_CONNECTION_REFUSED @ http://localhost:1420/@vite/client:1034
[ 2150867ms] [ERROR] WebSocket connection to 'ws://localhost:1420/' failed: Error in connection establishment: net::ERR_CONNECTION_REFUSED @ http://localhost:1420/@vite/client:1034
[ 2154698ms] [ERROR] WebSocket connection to 'ws://localhost:1420/' failed: Error in connection establishment: net::ERR_CONNECTION_REFUSED @ http://localhost:1420/@vite/client:1034
[ 2158318ms] [ERROR] WebSocket connection to 'ws://localhost:1420/' failed: Error in connection establishment: net::ERR_CONNECTION_REFUSED @ http://localhost:1420/@vite/client:1034
[ 2160877ms] [ERROR] WebSocket connection to 'ws://localhost:1420/' failed: Error in connection establishment: net::ERR_CONNECTION_REFUSED @ http://localhost:1420/@vite/client:1034
[ 2165617ms] [ERROR] WebSocket connection to 'ws://localhost:1420/' failed: Error in connection establishment: net::ERR_CONNECTION_REFUSED @ http://localhost:1420/@vite/client:1034
[ 2169937ms] [ERROR] WebSocket connection to 'ws://localhost:1420/' failed: Error in connection establishment: net::ERR_CONNECTION_REFUSED @ http://localhost:1420/@vite/client:1034
[ 2173589ms] [ERROR] WebSocket connection to 'ws://localhost:1420/' failed: Error in connection establishment: net::ERR_CONNECTION_REFUSED @ http://localhost:1420/@vite/client:1034
[ 2178810ms] [ERROR] WebSocket connection to 'ws://localhost:1420/' failed: Error in connection establishment: net::ERR_CONNECTION_REFUSED @ http://localhost:1420/@vite/client:1034
[ 2182734ms] [ERROR] WebSocket connection to 'ws://localhost:1420/' failed: Error in connection establishment: net::ERR_CONNECTION_REFUSED @ http://localhost:1420/@vite/client:1034
[ 2188558ms] [ERROR] WebSocket connection to 'ws://localhost:1420/' failed: Error in connection establishment: net::ERR_CONNECTION_REFUSED @ http://localhost:1420/@vite/client:1034
[ 2193374ms] [ERROR] WebSocket connection to 'ws://localhost:1420/' failed: Error in connection establishment: net::ERR_CONNECTION_REFUSED @ http://localhost:1420/@vite/client:1034
[ 2196596ms] [ERROR] WebSocket connection to 'ws://localhost:1420/' failed: Error in connection establishment: net::ERR_CONNECTION_REFUSED @ http://localhost:1420/@vite/client:1034
[ 2199769ms] [ERROR] WebSocket connection to 'ws://localhost:1420/' failed: Error in connection establishment: net::ERR_CONNECTION_REFUSED @ http://localhost:1420/@vite/client:1034
[ 2204077ms] [ERROR] WebSocket connection to 'ws://localhost:1420/' failed: Error in connection establishment: net::ERR_CONNECTION_REFUSED @ http://localhost:1420/@vite/client:1034
[ 2208244ms] [ERROR] WebSocket connection to 'ws://localhost:1420/' failed: Error in connection establishment: net::ERR_CONNECTION_REFUSED @ http://localhost:1420/@vite/client:1034
[ 2211577ms] [ERROR] WebSocket connection to 'ws://localhost:1420/' failed: Error in connection establishment: net::ERR_CONNECTION_REFUSED @ http://localhost:1420/@vite/client:1034
[ 2215747ms] [ERROR] WebSocket connection to 'ws://localhost:1420/' failed: Error in connection establishment: net::ERR_CONNECTION_REFUSED @ http://localhost:1420/@vite/client:1034
[ 2220203ms] [ERROR] WebSocket connection to 'ws://localhost:1420/' failed: Error in connection establishment: net::ERR_CONNECTION_REFUSED @ http://localhost:1420/@vite/client:1034
[ 2222728ms] [ERROR] WebSocket connection to 'ws://localhost:1420/' failed: Error in connection establishment: net::ERR_CONNECTION_REFUSED @ http://localhost:1420/@vite/client:1034
[ 2225041ms] [ERROR] WebSocket connection to 'ws://localhost:1420/' failed: Error in connection establishment: net::ERR_CONNECTION_REFUSED @ http://localhost:1420/@vite/client:1034
[ 2228066ms] [ERROR] WebSocket connection to 'ws://localhost:1420/' failed: Error in connection establishment: net::ERR_CONNECTION_REFUSED @ http://localhost:1420/@vite/client:1034
[ 2231275ms] [ERROR] WebSocket connection to 'ws://localhost:1420/' failed: Error in connection establishment: net::ERR_CONNECTION_REFUSED @ http://localhost:1420/@vite/client:1034
[ 2233353ms] [ERROR] WebSocket connection to 'ws://localhost:1420/' failed: Error in connection establishment: net::ERR_CONNECTION_REFUSED @ http://localhost:1420/@vite/client:1034
[ 2239020ms] [ERROR] WebSocket connection to 'ws://localhost:1420/' failed: Error in connection establishment: net::ERR_CONNECTION_REFUSED @ http://localhost:1420/@vite/client:1034
[ 2241869ms] [ERROR] WebSocket connection to 'ws://localhost:1420/' failed: Error in connection establishment: net::ERR_CONNECTION_REFUSED @ http://localhost:1420/@vite/client:1034
[ 2245917ms] [ERROR] WebSocket connection to 'ws://localhost:1420/' failed: Error in connection establishment: net::ERR_CONNECTION_REFUSED @ http://localhost:1420/@vite/client:1034
[ 2251228ms] [ERROR] WebSocket connection to 'ws://localhost:1420/' failed: Error in connection establishment: net::ERR_CONNECTION_REFUSED @ http://localhost:1420/@vite/client:1034
[ 2254069ms] [ERROR] WebSocket connection to 'ws://localhost:1420/' failed: Error in connection establishment: net::ERR_CONNECTION_REFUSED @ http://localhost:1420/@vite/client:1034
[ 2259286ms] [ERROR] WebSocket connection to 'ws://localhost:1420/' failed: Error in connection establishment: net::ERR_CONNECTION_REFUSED @ http://localhost:1420/@vite/client:1034
[ 2262183ms] [ERROR] WebSocket connection to 'ws://localhost:1420/' failed: Error in connection establishment: net::ERR_CONNECTION_REFUSED @ http://localhost:1420/@vite/client:1034
[ 2266585ms] [ERROR] WebSocket connection to 'ws://localhost:1420/' failed: Error in connection establishment: net::ERR_CONNECTION_REFUSED @ http://localhost:1420/@vite/client:1034
[ 2269816ms] [ERROR] WebSocket connection to 'ws://localhost:1420/' failed: Error in connection establishment: net::ERR_CONNECTION_REFUSED @ http://localhost:1420/@vite/client:1034
[ 2272235ms] [ERROR] WebSocket connection to 'ws://localhost:1420/' failed: Error in connection establishment: net::ERR_CONNECTION_REFUSED @ http://localhost:1420/@vite/client:1034
[ 2274942ms] [ERROR] WebSocket connection to 'ws://localhost:1420/' failed: Error in connection establishment: net::ERR_CONNECTION_REFUSED @ http://localhost:1420/@vite/client:1034
[ 2279258ms] [ERROR] WebSocket connection to 'ws://localhost:1420/' failed: Error in connection establishment: net::ERR_CONNECTION_REFUSED @ http://localhost:1420/@vite/client:1034
[ 2283243ms] [ERROR] WebSocket connection to 'ws://localhost:1420/' failed: Error in connection establishment: net::ERR_CONNECTION_REFUSED @ http://localhost:1420/@vite/client:1034
[ 2287789ms] [ERROR] WebSocket connection to 'ws://localhost:1420/' failed: Error in connection establishment: net::ERR_CONNECTION_REFUSED @ http://localhost:1420/@vite/client:1034
[ 2291953ms] [ERROR] WebSocket connection to 'ws://localhost:1420/' failed: Error in connection establishment: net::ERR_CONNECTION_REFUSED @ http://localhost:1420/@vite/client:1034
[ 2294785ms] [ERROR] WebSocket connection to 'ws://localhost:1420/' failed: Error in connection establishment: net::ERR_CONNECTION_REFUSED @ http://localhost:1420/@vite/client:1034
[ 2298496ms] [ERROR] WebSocket connection to 'ws://localhost:1420/' failed: Error in connection establishment: net::ERR_CONNECTION_REFUSED @ http://localhost:1420/@vite/client:1034
[ 2301638ms] [ERROR] WebSocket connection to 'ws://localhost:1420/' failed: Error in connection establishment: net::ERR_CONNECTION_REFUSED @ http://localhost:1420/@vite/client:1034
[ 2304095ms] [ERROR] WebSocket connection to 'ws://localhost:1420/' failed: Error in connection establishment: net::ERR_CONNECTION_REFUSED @ http://localhost:1420/@vite/client:1034
[ 2309602ms] [ERROR] WebSocket connection to 'ws://localhost:1420/' failed: Error in connection establishment: net::ERR_CONNECTION_REFUSED @ http://localhost:1420/@vite/client:1034
[ 2314035ms] [ERROR] WebSocket connection to 'ws://localhost:1420/' failed: Error in connection establishment: net::ERR_CONNECTION_REFUSED @ http://localhost:1420/@vite/client:1034
[ 2316766ms] [ERROR] WebSocket connection to 'ws://localhost:1420/' failed: Error in connection establishment: net::ERR_CONNECTION_REFUSED @ http://localhost:1420/@vite/client:1034
[ 2319762ms] [ERROR] WebSocket connection to 'ws://localhost:1420/' failed: Error in connection establishment: net::ERR_CONNECTION_REFUSED @ http://localhost:1420/@vite/client:1034
[ 2323225ms] [ERROR] WebSocket connection to 'ws://localhost:1420/' failed: Error in connection establishment: net::ERR_CONNECTION_REFUSED @ http://localhost:1420/@vite/client:1034
[ 2327211ms] [ERROR] WebSocket connection to 'ws://localhost:1420/' failed: Error in connection establishment: net::ERR_CONNECTION_REFUSED @ http://localhost:1420/@vite/client:1034
[ 2332295ms] [ERROR] WebSocket connection to 'ws://localhost:1420/' failed: Error in connection establishment: net::ERR_CONNECTION_REFUSED @ http://localhost:1420/@vite/client:1034
[ 2337086ms] [ERROR] WebSocket connection to 'ws://localhost:1420/' failed: Error in connection establishment: net::ERR_CONNECTION_REFUSED @ http://localhost:1420/@vite/client:1034
[ 2342516ms] [ERROR] WebSocket connection to 'ws://localhost:1420/' failed: Error in connection establishment: net::ERR_CONNECTION_REFUSED @ http://localhost:1420/@vite/client:1034
[ 2346838ms] [ERROR] WebSocket connection to 'ws://localhost:1420/' failed: Error in connection establishment: net::ERR_CONNECTION_REFUSED @ http://localhost:1420/@vite/client:1034
[ 2351829ms] [ERROR] WebSocket connection to 'ws://localhost:1420/' failed: Error in connection establishment: net::ERR_CONNECTION_REFUSED @ http://localhost:1420/@vite/client:1034
[ 2352831ms] [ERROR] WebSocket connection to 'ws://localhost:1420/' failed: Error in connection establishment: net::ERR_CONNECTION_REFUSED @ http://localhost:1420/@vite/client:1034
[ 2353833ms] [ERROR] WebSocket connection to 'ws://localhost:1420/' failed: Error in connection establishment: net::ERR_CONNECTION_REFUSED @ http://localhost:1420/@vite/client:1034
[ 2354835ms] [ERROR] WebSocket connection to 'ws://localhost:1420/' failed: Error in connection establishment: net::ERR_CONNECTION_REFUSED @ http://localhost:1420/@vite/client:1034
[ 2355836ms] [ERROR] WebSocket connection to 'ws://localhost:1420/' failed: Error in connection establishment: net::ERR_CONNECTION_REFUSED @ http://localhost:1420/@vite/client:1034
[ 2356840ms] [ERROR] WebSocket connection to 'ws://localhost:1420/' failed: Error in connection establishment: net::ERR_CONNECTION_REFUSED @ http://localhost:1420/@vite/client:1034
[ 2357847ms] [ERROR] WebSocket connection to 'ws://localhost:1420/' failed: Error in connection establishment: net::ERR_CONNECTION_REFUSED @ http://localhost:1420/@vite/client:1034
[ 2358853ms] [ERROR] WebSocket connection to 'ws://localhost:1420/' failed: Error in connection establishment: net::ERR_CONNECTION_REFUSED @ http://localhost:1420/@vite/client:1034
[ 2359870ms] [ERROR] WebSocket connection to 'ws://localhost:1420/' failed: Error in connection establishment: net::ERR_CONNECTION_REFUSED @ http://localhost:1420/@vite/client:1034
[ 2360908ms] [ERROR] WebSocket connection to 'ws://localhost:1420/' failed: Error in connection establishment: net::ERR_CONNECTION_REFUSED @ http://localhost:1420/@vite/client:1034
[ 2361978ms] [ERROR] WebSocket connection to 'ws://localhost:1420/' failed: Error in connection establishment: net::ERR_CONNECTION_REFUSED @ http://localhost:1420/@vite/client:1034
[ 2363059ms] [ERROR] WebSocket connection to 'ws://localhost:1420/' failed: Error in connection establishment: net::ERR_CONNECTION_REFUSED @ http://localhost:1420/@vite/client:1034
[ 2364351ms] [ERROR] WebSocket connection to 'ws://localhost:1420/' failed: Error in connection establishment: net::ERR_CONNECTION_REFUSED @ http://localhost:1420/@vite/client:1034
[ 2365608ms] [ERROR] WebSocket connection to 'ws://localhost:1420/' failed: Error in connection establishment: net::ERR_CONNECTION_REFUSED @ http://localhost:1420/@vite/client:1034
[ 2367750ms] [ERROR] WebSocket connection to 'ws://localhost:1420/' failed: Error in connection establishment: net::ERR_CONNECTION_REFUSED @ http://localhost:1420/@vite/client:1034
[ 2370417ms] [ERROR] WebSocket connection to 'ws://localhost:1420/' failed: Error in connection establishment: net::ERR_CONNECTION_REFUSED @ http://localhost:1420/@vite/client:1034
[ 2373478ms] [ERROR] WebSocket connection to 'ws://localhost:1420/' failed: Error in connection establishment: net::ERR_CONNECTION_REFUSED @ http://localhost:1420/@vite/client:1034
[ 2378634ms] [ERROR] WebSocket connection to 'ws://localhost:1420/' failed: Error in connection establishment: net::ERR_CONNECTION_REFUSED @ http://localhost:1420/@vite/client:1034
[ 2382933ms] [ERROR] WebSocket connection to 'ws://localhost:1420/' failed: Error in connection establishment: net::ERR_CONNECTION_REFUSED @ http://localhost:1420/@vite/client:1034
[ 2388906ms] [ERROR] WebSocket connection to 'ws://localhost:1420/' failed: Error in connection establishment: net::ERR_CONNECTION_REFUSED @ http://localhost:1420/@vite/client:1034
[ 2392547ms] [ERROR] WebSocket connection to 'ws://localhost:1420/' failed: Error in connection establishment: net::ERR_CONNECTION_REFUSED @ http://localhost:1420/@vite/client:1034
[ 2394554ms] [ERROR] WebSocket connection to 'ws://localhost:1420/' failed: Error in connection establishment: net::ERR_CONNECTION_REFUSED @ http://localhost:1420/@vite/client:1034
[ 2398105ms] [ERROR] WebSocket connection to 'ws://localhost:1420/' failed: Error in connection establishment: net::ERR_CONNECTION_REFUSED @ http://localhost:1420/@vite/client:1034
[ 2403520ms] [ERROR] WebSocket connection to 'ws://localhost:1420/' failed: Error in connection establishment: net::ERR_CONNECTION_REFUSED @ http://localhost:1420/@vite/client:1034
[ 2406186ms] [ERROR] WebSocket connection to 'ws://localhost:1420/' failed: Error in connection establishment: net::ERR_CONNECTION_REFUSED @ http://localhost:1420/@vite/client:1034
[ 2410658ms] [ERROR] WebSocket connection to 'ws://localhost:1420/' failed: Error in connection establishment: net::ERR_CONNECTION_REFUSED @ http://localhost:1420/@vite/client:1034
[ 2413923ms] [ERROR] WebSocket connection to 'ws://localhost:1420/' failed: Error in connection establishment: net::ERR_CONNECTION_REFUSED @ http://localhost:1420/@vite/client:1034
[ 2418968ms] [ERROR] WebSocket connection to 'ws://localhost:1420/' failed: Error in connection establishment: net::ERR_CONNECTION_REFUSED @ http://localhost:1420/@vite/client:1034
[ 2424658ms] [ERROR] WebSocket connection to 'ws://localhost:1420/' failed: Error in connection establishment: net::ERR_CONNECTION_REFUSED @ http://localhost:1420/@vite/client:1034
[ 2429700ms] [ERROR] WebSocket connection to 'ws://localhost:1420/' failed: Error in connection establishment: net::ERR_CONNECTION_REFUSED @ http://localhost:1420/@vite/client:1034
[ 2434744ms] [ERROR] WebSocket connection to 'ws://localhost:1420/' failed: Error in connection establishment: net::ERR_CONNECTION_REFUSED @ http://localhost:1420/@vite/client:1034
[ 2440567ms] [ERROR] WebSocket connection to 'ws://localhost:1420/' failed: Error in connection establishment: net::ERR_CONNECTION_REFUSED @ http://localhost:1420/@vite/client:1034
[ 2445435ms] [ERROR] WebSocket connection to 'ws://localhost:1420/' failed: Error in connection establishment: net::ERR_CONNECTION_REFUSED @ http://localhost:1420/@vite/client:1034
[ 2450085ms] [ERROR] WebSocket connection to 'ws://localhost:1420/' failed: Error in connection establishment: net::ERR_CONNECTION_REFUSED @ http://localhost:1420/@vite/client:1034
[ 2453998ms] [ERROR] WebSocket connection to 'ws://localhost:1420/' failed: Error in connection establishment: net::ERR_CONNECTION_REFUSED @ http://localhost:1420/@vite/client:1034
[ 2458495ms] [ERROR] WebSocket connection to 'ws://localhost:1420/' failed: Error in connection establishment: net::ERR_CONNECTION_REFUSED @ http://localhost:1420/@vite/client:1034
[ 2463918ms] [ERROR] WebSocket connection to 'ws://localhost:1420/' failed: Error in connection establishment: net::ERR_CONNECTION_REFUSED @ http://localhost:1420/@vite/client:1034
[ 2467879ms] [ERROR] WebSocket connection to 'ws://localhost:1420/' failed: Error in connection establishment: net::ERR_CONNECTION_REFUSED @ http://localhost:1420/@vite/client:1034
[ 2469921ms] [ERROR] WebSocket connection to 'ws://localhost:1420/' failed: Error in connection establishment: net::ERR_CONNECTION_REFUSED @ http://localhost:1420/@vite/client:1034
[ 2474158ms] [ERROR] WebSocket connection to 'ws://localhost:1420/' failed: Error in connection establishment: net::ERR_CONNECTION_REFUSED @ http://localhost:1420/@vite/client:1034
[ 2476790ms] [ERROR] WebSocket connection to 'ws://localhost:1420/' failed: Error in connection establishment: net::ERR_CONNECTION_REFUSED @ http://localhost:1420/@vite/client:1034
[ 2480218ms] [ERROR] WebSocket connection to 'ws://localhost:1420/' failed: Error in connection establishment: net::ERR_CONNECTION_REFUSED @ http://localhost:1420/@vite/client:1034
[ 2484379ms] [ERROR] WebSocket connection to 'ws://localhost:1420/' failed: Error in connection establishment: net::ERR_CONNECTION_REFUSED @ http://localhost:1420/@vite/client:1034
[ 2486669ms] [ERROR] WebSocket connection to 'ws://localhost:1420/' failed: Error in connection establishment: net::ERR_CONNECTION_REFUSED @ http://localhost:1420/@vite/client:1034
[ 2489150ms] [ERROR] WebSocket connection to 'ws://localhost:1420/' failed: Error in connection establishment: net::ERR_CONNECTION_REFUSED @ http://localhost:1420/@vite/client:1034
[ 2492353ms] [ERROR] WebSocket connection to 'ws://localhost:1420/' failed: Error in connection establishment: net::ERR_CONNECTION_REFUSED @ http://localhost:1420/@vite/client:1034
[ 2497240ms] [ERROR] WebSocket connection to 'ws://localhost:1420/' failed: Error in connection establishment: net::ERR_CONNECTION_REFUSED @ http://localhost:1420/@vite/client:1034
[ 2502053ms] [ERROR] WebSocket connection to 'ws://localhost:1420/' failed: Error in connection establishment: net::ERR_CONNECTION_REFUSED @ http://localhost:1420/@vite/client:1034
[ 2506022ms] [ERROR] WebSocket connection to 'ws://localhost:1420/' failed: Error in connection establishment: net::ERR_CONNECTION_REFUSED @ http://localhost:1420/@vite/client:1034
[ 2509442ms] [ERROR] WebSocket connection to 'ws://localhost:1420/' failed: Error in connection establishment: net::ERR_CONNECTION_REFUSED @ http://localhost:1420/@vite/client:1034
[ 2513941ms] [ERROR] WebSocket connection to 'ws://localhost:1420/' failed: Error in connection establishment: net::ERR_CONNECTION_REFUSED @ http://localhost:1420/@vite/client:1034
[ 2517869ms] [ERROR] WebSocket connection to 'ws://localhost:1420/' failed: Error in connection establishment: net::ERR_CONNECTION_REFUSED @ http://localhost:1420/@vite/client:1034
[ 2523769ms] [ERROR] WebSocket connection to 'ws://localhost:1420/' failed: Error in connection establishment: net::ERR_CONNECTION_REFUSED @ http://localhost:1420/@vite/client:1034
[ 2528124ms] [ERROR] WebSocket connection to 'ws://localhost:1420/' failed: Error in connection establishment: net::ERR_CONNECTION_REFUSED @ http://localhost:1420/@vite/client:1034
[ 2533169ms] [ERROR] WebSocket connection to 'ws://localhost:1420/' failed: Error in connection establishment: net::ERR_CONNECTION_REFUSED @ http://localhost:1420/@vite/client:1034
[ 2537650ms] [ERROR] WebSocket connection to 'ws://localhost:1420/' failed: Error in connection establishment: net::ERR_CONNECTION_REFUSED @ http://localhost:1420/@vite/client:1034
[ 2541570ms] [ERROR] WebSocket connection to 'ws://localhost:1420/' failed: Error in connection establishment: net::ERR_CONNECTION_REFUSED @ http://localhost:1420/@vite/client:1034
[ 2545120ms] [ERROR] WebSocket connection to 'ws://localhost:1420/' failed: Error in connection establishment: net::ERR_CONNECTION_REFUSED @ http://localhost:1420/@vite/client:1034
[ 2550108ms] [ERROR] WebSocket connection to 'ws://localhost:1420/' failed: Error in connection establishment: net::ERR_CONNECTION_REFUSED @ http://localhost:1420/@vite/client:1034
[ 2554476ms] [ERROR] WebSocket connection to 'ws://localhost:1420/' failed: Error in connection establishment: net::ERR_CONNECTION_REFUSED @ http://localhost:1420/@vite/client:1034
[ 2556796ms] [ERROR] WebSocket connection to 'ws://localhost:1420/' failed: Error in connection establishment: net::ERR_CONNECTION_REFUSED @ http://localhost:1420/@vite/client:1034
[ 2559629ms] [ERROR] WebSocket connection to 'ws://localhost:1420/' failed: Error in connection establishment: net::ERR_CONNECTION_REFUSED @ http://localhost:1420/@vite/client:1034
[ 2565219ms] [ERROR] WebSocket connection to 'ws://localhost:1420/' failed: Error in connection establishment: net::ERR_CONNECTION_REFUSED @ http://localhost:1420/@vite/client:1034
[ 2570573ms] [ERROR] WebSocket connection to 'ws://localhost:1420/' failed: Error in connection establishment: net::ERR_CONNECTION_REFUSED @ http://localhost:1420/@vite/client:1034
[ 2575930ms] [ERROR] WebSocket connection to 'ws://localhost:1420/' failed: Error in connection establishment: net::ERR_CONNECTION_REFUSED @ http://localhost:1420/@vite/client:1034
[ 2578591ms] [ERROR] WebSocket connection to 'ws://localhost:1420/' failed: Error in connection establishment: net::ERR_CONNECTION_REFUSED @ http://localhost:1420/@vite/client:1034
[ 2583112ms] [ERROR] WebSocket connection to 'ws://localhost:1420/' failed: Error in connection establishment: net::ERR_CONNECTION_REFUSED @ http://localhost:1420/@vite/client:1034
[ 2586794ms] [ERROR] WebSocket connection to 'ws://localhost:1420/' failed: Error in connection establishment: net::ERR_CONNECTION_REFUSED @ http://localhost:1420/@vite/client:1034
[ 2588822ms] [ERROR] WebSocket connection to 'ws://localhost:1420/' failed: Error in connection establishment: net::ERR_CONNECTION_REFUSED @ http://localhost:1420/@vite/client:1034
[ 2593647ms] [ERROR] WebSocket connection to 'ws://localhost:1420/' failed: Error in connection establishment: net::ERR_CONNECTION_REFUSED @ http://localhost:1420/@vite/client:1034
[ 2596741ms] [ERROR] WebSocket connection to 'ws://localhost:1420/' failed: Error in connection establishment: net::ERR_CONNECTION_REFUSED @ http://localhost:1420/@vite/client:1034
[ 2601200ms] [ERROR] WebSocket connection to 'ws://localhost:1420/' failed: Error in connection establishment: net::ERR_CONNECTION_REFUSED @ http://localhost:1420/@vite/client:1034
[ 2605677ms] [ERROR] WebSocket connection to 'ws://localhost:1420/' failed: Error in connection establishment: net::ERR_CONNECTION_REFUSED @ http://localhost:1420/@vite/client:1034
[ 2611389ms] [ERROR] WebSocket connection to 'ws://localhost:1420/' failed: Error in connection establishment: net::ERR_CONNECTION_REFUSED @ http://localhost:1420/@vite/client:1034
[ 2616921ms] [ERROR] WebSocket connection to 'ws://localhost:1420/' failed: Error in connection establishment: net::ERR_CONNECTION_REFUSED @ http://localhost:1420/@vite/client:1034
[ 2619767ms] [ERROR] WebSocket connection to 'ws://localhost:1420/' failed: Error in connection establishment: net::ERR_CONNECTION_REFUSED @ http://localhost:1420/@vite/client:1034
[ 2625628ms] [ERROR] WebSocket connection to 'ws://localhost:1420/' failed: Error in connection establishment: net::ERR_CONNECTION_REFUSED @ http://localhost:1420/@vite/client:1034
[ 2630336ms] [ERROR] WebSocket connection to 'ws://localhost:1420/' failed: Error in connection establishment: net::ERR_CONNECTION_REFUSED @ http://localhost:1420/@vite/client:1034
[ 2635950ms] [ERROR] WebSocket connection to 'ws://localhost:1420/' failed: Error in connection establishment: net::ERR_CONNECTION_REFUSED @ http://localhost:1420/@vite/client:1034
[ 2639585ms] [ERROR] WebSocket connection to 'ws://localhost:1420/' failed: Error in connection establishment: net::ERR_CONNECTION_REFUSED @ http://localhost:1420/@vite/client:1034
[ 2643310ms] [ERROR] WebSocket connection to 'ws://localhost:1420/' failed: Error in connection establishment: net::ERR_CONNECTION_REFUSED @ http://localhost:1420/@vite/client:1034
[ 2646456ms] [ERROR] WebSocket connection to 'ws://localhost:1420/' failed: Error in connection establishment: net::ERR_CONNECTION_REFUSED @ http://localhost:1420/@vite/client:1034
[ 2650982ms] [ERROR] WebSocket connection to 'ws://localhost:1420/' failed: Error in connection establishment: net::ERR_CONNECTION_REFUSED @ http://localhost:1420/@vite/client:1034
[ 2654015ms] [ERROR] WebSocket connection to 'ws://localhost:1420/' failed: Error in connection establishment: net::ERR_CONNECTION_REFUSED @ http://localhost:1420/@vite/client:1034
[ 2656477ms] [ERROR] WebSocket connection to 'ws://localhost:1420/' failed: Error in connection establishment: net::ERR_CONNECTION_REFUSED @ http://localhost:1420/@vite/client:1034
[ 2661470ms] [ERROR] WebSocket connection to 'ws://localhost:1420/' failed: Error in connection establishment: net::ERR_CONNECTION_REFUSED @ http://localhost:1420/@vite/client:1034
[ 2664955ms] [ERROR] WebSocket connection to 'ws://localhost:1420/' failed: Error in connection establishment: net::ERR_CONNECTION_REFUSED @ http://localhost:1420/@vite/client:1034
[ 2669720ms] [ERROR] WebSocket connection to 'ws://localhost:1420/' failed: Error in connection establishment: net::ERR_CONNECTION_REFUSED @ http://localhost:1420/@vite/client:1034
[ 2672515ms] [ERROR] WebSocket connection to 'ws://localhost:1420/' failed: Error in connection establishment: net::ERR_CONNECTION_REFUSED @ http://localhost:1420/@vite/client:1034
[ 2679463ms] TypeError: Cannot read properties of undefined (reading 'currentWindow')

	in $effect
	in +layout.svelte
	in root.svelte
	in undefined

    at getCurrentWindow (http://localhost:1420/node_modules/.vite/deps/@tauri-apps_api_window.js?v=2df09c67:316:57)
    at http://localhost:1420/src/routes/+layout.svelte:66:22
    at untrack (http://localhost:1420/node_modules/.vite/deps/chunk-4C5QYTGH.js?v=4a82f753:4508:12)
    at $effect (http://localhost:1420/node_modules/.vite/deps/chunk-CQW2YQAB.js?v=4a82f753:4287:23)
    at update_reaction (http://localhost:1420/node_modules/.vite/deps/chunk-4C5QYTGH.js?v=4a82f753:4190:18)
    at update_effect (http://localhost:1420/node_modules/.vite/deps/chunk-4C5QYTGH.js?v=4a82f753:4331:21)
    at flush_queued_effects (http://localhost:1420/node_modules/.vite/deps/chunk-4C5QYTGH.js?v=4a82f753:3310:7)
    at _Batch.process_fn (http://localhost:1420/node_modules/.vite/deps/chunk-4C5QYTGH.js?v=4a82f753:3002:3)
    at _Batch.flush (http://localhost:1420/node_modules/.vite/deps/chunk-4C5QYTGH.js?v=4a82f753:2732:59)
    at Array.<anonymous> (http://localhost:1420/node_modules/.vite/deps/chunk-4C5QYTGH.js?v=4a82f753:2830:19)
[ 2819286ms] TypeError: Cannot read properties of undefined (reading 'currentWindow')

	in $effect
	in +layout.svelte
	in root.svelte
	in undefined

    at getCurrentWindow (http://localhost:1420/node_modules/.vite/deps/@tauri-apps_api_window.js?v=2df09c67:316:57)
    at http://localhost:1420/src/routes/+layout.svelte?t=1786113601638:66:22
    at untrack (http://localhost:1420/node_modules/.vite/deps/chunk-4C5QYTGH.js?v=4a82f753:4508:12)
    at $effect (http://localhost:1420/node_modules/.vite/deps/chunk-CQW2YQAB.js?v=4a82f753:4287:23)
    at update_reaction (http://localhost:1420/node_modules/.vite/deps/chunk-4C5QYTGH.js?v=4a82f753:4190:18)
    at update_effect (http://localhost:1420/node_modules/.vite/deps/chunk-4C5QYTGH.js?v=4a82f753:4331:21)
    at flush_queued_effects (http://localhost:1420/node_modules/.vite/deps/chunk-4C5QYTGH.js?v=4a82f753:3310:7)
    at _Batch.process_fn (http://localhost:1420/node_modules/.vite/deps/chunk-4C5QYTGH.js?v=4a82f753:3002:3)
    at _Batch.flush (http://localhost:1420/node_modules/.vite/deps/chunk-4C5QYTGH.js?v=4a82f753:2732:59)
    at Array.<anonymous> (http://localhost:1420/node_modules/.vite/deps/chunk-4C5QYTGH.js?v=4a82f753:2830:19)
[ 2849165ms] [LOG] [vite] server connection lost. Polling for restart... @ http://localhost:1420/@vite/client:963
[ 2849166ms] [ERROR] WebSocket connection to 'ws://localhost:1420/' failed: Error in connection establishment: net::ERR_CONNECTION_REFUSED @ http://localhost:1420/@vite/client:1034
[ 2850168ms] [ERROR] WebSocket connection to 'ws://localhost:1420/' failed: Error in connection establishment: net::ERR_CONNECTION_REFUSED @ http://localhost:1420/@vite/client:1034
[ 2851171ms] [ERROR] WebSocket connection to 'ws://localhost:1420/' failed: Error in connection establishment: net::ERR_CONNECTION_REFUSED @ http://localhost:1420/@vite/client:1034
[ 2852173ms] [ERROR] WebSocket connection to 'ws://localhost:1420/' failed: Error in connection establishment: net::ERR_CONNECTION_REFUSED @ http://localhost:1420/@vite/client:1034
[ 2853177ms] [ERROR] WebSocket connection to 'ws://localhost:1420/' failed: Error in connection establishment: net::ERR_CONNECTION_REFUSED @ http://localhost:1420/@vite/client:1034
[ 2854180ms] [ERROR] WebSocket connection to 'ws://localhost:1420/' failed: Error in connection establishment: net::ERR_CONNECTION_REFUSED @ http://localhost:1420/@vite/client:1034
[ 2855190ms] [ERROR] WebSocket connection to 'ws://localhost:1420/' failed: Error in connection establishment: net::ERR_CONNECTION_REFUSED @ http://localhost:1420/@vite/client:1034
[ 2856203ms] [ERROR] WebSocket connection to 'ws://localhost:1420/' failed: Error in connection establishment: net::ERR_CONNECTION_REFUSED @ http://localhost:1420/@vite/client:1034
[ 2857220ms] [ERROR] WebSocket connection to 'ws://localhost:1420/' failed: Error in connection establishment: net::ERR_CONNECTION_REFUSED @ http://localhost:1420/@vite/client:1034
[ 2858279ms] [ERROR] WebSocket connection to 'ws://localhost:1420/' failed: Error in connection establishment: net::ERR_CONNECTION_REFUSED @ http://localhost:1420/@vite/client:1034
[ 2859414ms] [ERROR] WebSocket connection to 'ws://localhost:1420/' failed: Error in connection establishment: net::ERR_CONNECTION_REFUSED @ http://localhost:1420/@vite/client:1034
[ 2860634ms] [ERROR] WebSocket connection to 'ws://localhost:1420/' failed: Error in connection establishment: net::ERR_CONNECTION_REFUSED @ http://localhost:1420/@vite/client:1034
[ 2862247ms] [ERROR] WebSocket connection to 'ws://localhost:1420/' failed: Error in connection establishment: net::ERR_CONNECTION_REFUSED @ http://localhost:1420/@vite/client:1034
[ 2863645ms] [ERROR] WebSocket connection to 'ws://localhost:1420/' failed: Error in connection establishment: net::ERR_CONNECTION_REFUSED @ http://localhost:1420/@vite/client:1034
[ 2865187ms] [ERROR] WebSocket connection to 'ws://localhost:1420/' failed: Error in connection establishment: net::ERR_CONNECTION_REFUSED @ http://localhost:1420/@vite/client:1034
[ 2868452ms] [ERROR] WebSocket connection to 'ws://localhost:1420/' failed: Error in connection establishment: net::ERR_CONNECTION_REFUSED @ http://localhost:1420/@vite/client:1034
[ 2872892ms] [ERROR] WebSocket connection to 'ws://localhost:1420/' failed: Error in connection establishment: net::ERR_CONNECTION_REFUSED @ http://localhost:1420/@vite/client:1034
[ 2878517ms] [ERROR] WebSocket connection to 'ws://localhost:1420/' failed: Error in connection establishment: net::ERR_CONNECTION_REFUSED @ http://localhost:1420/@vite/client:1034
[ 2882590ms] [ERROR] WebSocket connection to 'ws://localhost:1420/' failed: Error in connection establishment: net::ERR_CONNECTION_REFUSED @ http://localhost:1420/@vite/client:1034
[ 2884718ms] [ERROR] WebSocket connection to 'ws://localhost:1420/' failed: Error in connection establishment: net::ERR_CONNECTION_REFUSED @ http://localhost:1420/@vite/client:1034
[ 2888310ms] [ERROR] WebSocket connection to 'ws://localhost:1420/' failed: Error in connection establishment: net::ERR_CONNECTION_REFUSED @ http://localhost:1420/@vite/client:1034
[ 2891770ms] [ERROR] WebSocket connection to 'ws://localhost:1420/' failed: Error in connection establishment: net::ERR_CONNECTION_REFUSED @ http://localhost:1420/@vite/client:1034
[ 2895500ms] [ERROR] WebSocket connection to 'ws://localhost:1420/' failed: Error in connection establishment: net::ERR_CONNECTION_REFUSED @ http://localhost:1420/@vite/client:1034
[ 2898004ms] [ERROR] WebSocket connection to 'ws://localhost:1420/' failed: Error in connection establishment: net::ERR_CONNECTION_REFUSED @ http://localhost:1420/@vite/client:1034
[ 2900684ms] [ERROR] WebSocket connection to 'ws://localhost:1420/' failed: Error in connection establishment: net::ERR_CONNECTION_REFUSED @ http://localhost:1420/@vite/client:1034
[ 2903573ms] [ERROR] WebSocket connection to 'ws://localhost:1420/' failed: Error in connection establishment: net::ERR_CONNECTION_REFUSED @ http://localhost:1420/@vite/client:1034
[ 2906986ms] [ERROR] WebSocket connection to 'ws://localhost:1420/' failed: Error in connection establishment: net::ERR_CONNECTION_REFUSED @ http://localhost:1420/@vite/client:1034
[ 2912784ms] [ERROR] WebSocket connection to 'ws://localhost:1420/' failed: Error in connection establishment: net::ERR_CONNECTION_REFUSED @ http://localhost:1420/@vite/client:1034
[ 2917870ms] [ERROR] WebSocket connection to 'ws://localhost:1420/' failed: Error in connection establishment: net::ERR_CONNECTION_REFUSED @ http://localhost:1420/@vite/client:1034
[ 2923171ms] [ERROR] WebSocket connection to 'ws://localhost:1420/' failed: Error in connection establishment: net::ERR_CONNECTION_REFUSED @ http://localhost:1420/@vite/client:1034
[ 2925946ms] [ERROR] WebSocket connection to 'ws://localhost:1420/' failed: Error in connection establishment: net::ERR_CONNECTION_REFUSED @ http://localhost:1420/@vite/client:1034
[ 2930650ms] [ERROR] WebSocket connection to 'ws://localhost:1420/' failed: Error in connection establishment: net::ERR_CONNECTION_REFUSED @ http://localhost:1420/@vite/client:1034
[ 2935295ms] [ERROR] WebSocket connection to 'ws://localhost:1420/' failed: Error in connection establishment: net::ERR_CONNECTION_REFUSED @ http://localhost:1420/@vite/client:1034
[ 2939384ms] [ERROR] WebSocket connection to 'ws://localhost:1420/' failed: Error in connection establishment: net::ERR_CONNECTION_REFUSED @ http://localhost:1420/@vite/client:1034
[ 2942537ms] [ERROR] WebSocket connection to 'ws://localhost:1420/' failed: Error in connection establishment: net::ERR_CONNECTION_REFUSED @ http://localhost:1420/@vite/client:1034
[ 2945095ms] [ERROR] WebSocket connection to 'ws://localhost:1420/' failed: Error in connection establishment: net::ERR_CONNECTION_REFUSED @ http://localhost:1420/@vite/client:1034
[ 2947529ms] [ERROR] WebSocket connection to 'ws://localhost:1420/' failed: Error in connection establishment: net::ERR_CONNECTION_REFUSED @ http://localhost:1420/@vite/client:1034
[ 2950432ms] [ERROR] WebSocket connection to 'ws://localhost:1420/' failed: Error in connection establishment: net::ERR_CONNECTION_REFUSED @ http://localhost:1420/@vite/client:1034
[ 2953546ms] [ERROR] WebSocket connection to 'ws://localhost:1420/' failed: Error in connection establishment: net::ERR_CONNECTION_REFUSED @ http://localhost:1420/@vite/client:1034
[ 2956292ms] [ERROR] WebSocket connection to 'ws://localhost:1420/' failed: Error in connection establishment: net::ERR_CONNECTION_REFUSED @ http://localhost:1420/@vite/client:1034
[ 2962210ms] [ERROR] WebSocket connection to 'ws://localhost:1420/' failed: Error in connection establishment: net::ERR_CONNECTION_REFUSED @ http://localhost:1420/@vite/client:1034
[ 2964384ms] [ERROR] WebSocket connection to 'ws://localhost:1420/' failed: Error in connection establishment: net::ERR_CONNECTION_REFUSED @ http://localhost:1420/@vite/client:1034
[ 2966917ms] [ERROR] WebSocket connection to 'ws://localhost:1420/' failed: Error in connection establishment: net::ERR_CONNECTION_REFUSED @ http://localhost:1420/@vite/client:1034
[ 2972909ms] [ERROR] WebSocket connection to 'ws://localhost:1420/' failed: Error in connection establishment: net::ERR_CONNECTION_REFUSED @ http://localhost:1420/@vite/client:1034
[ 2977250ms] [ERROR] WebSocket connection to 'ws://localhost:1420/' failed: Error in connection establishment: net::ERR_CONNECTION_REFUSED @ http://localhost:1420/@vite/client:1034
[ 2981060ms] [ERROR] WebSocket connection to 'ws://localhost:1420/' failed: Error in connection establishment: net::ERR_CONNECTION_REFUSED @ http://localhost:1420/@vite/client:1034
[ 2983476ms] [ERROR] WebSocket connection to 'ws://localhost:1420/' failed: Error in connection establishment: net::ERR_CONNECTION_REFUSED @ http://localhost:1420/@vite/client:1034
[ 2988219ms] [ERROR] WebSocket connection to 'ws://localhost:1420/' failed: Error in connection establishment: net::ERR_CONNECTION_REFUSED @ http://localhost:1420/@vite/client:1034
[ 2990538ms] [ERROR] WebSocket connection to 'ws://localhost:1420/' failed: Error in connection establishment: net::ERR_CONNECTION_REFUSED @ http://localhost:1420/@vite/client:1034
[ 2993962ms] [ERROR] WebSocket connection to 'ws://localhost:1420/' failed: Error in connection establishment: net::ERR_CONNECTION_REFUSED @ http://localhost:1420/@vite/client:1034
[ 2997620ms] [ERROR] WebSocket connection to 'ws://localhost:1420/' failed: Error in connection establishment: net::ERR_CONNECTION_REFUSED @ http://localhost:1420/@vite/client:1034
[ 3000223ms] [ERROR] WebSocket connection to 'ws://localhost:1420/' failed: Error in connection establishment: net::ERR_CONNECTION_REFUSED @ http://localhost:1420/@vite/client:1034
[ 3005700ms] [ERROR] WebSocket connection to 'ws://localhost:1420/' failed: Error in connection establishment: net::ERR_CONNECTION_REFUSED @ http://localhost:1420/@vite/client:1034
[ 3007726ms] [ERROR] WebSocket connection to 'ws://localhost:1420/' failed: Error in connection establishment: net::ERR_CONNECTION_REFUSED @ http://localhost:1420/@vite/client:1034
[ 3011660ms] [ERROR] WebSocket connection to 'ws://localhost:1420/' failed: Error in connection establishment: net::ERR_CONNECTION_REFUSED @ http://localhost:1420/@vite/client:1034
[ 3016443ms] [ERROR] WebSocket connection to 'ws://localhost:1420/' failed: Error in connection establishment: net::ERR_CONNECTION_REFUSED @ http://localhost:1420/@vite/client:1034
[ 3019379ms] [ERROR] WebSocket connection to 'ws://localhost:1420/' failed: Error in connection establishment: net::ERR_CONNECTION_REFUSED @ http://localhost:1420/@vite/client:1034
[ 3021917ms] [ERROR] WebSocket connection to 'ws://localhost:1420/' failed: Error in connection establishment: net::ERR_CONNECTION_REFUSED @ http://localhost:1420/@vite/client:1034
[ 3025463ms] [ERROR] WebSocket connection to 'ws://localhost:1420/' failed: Error in connection establishment: net::ERR_CONNECTION_REFUSED @ http://localhost:1420/@vite/client:1034
[ 3027684ms] [ERROR] WebSocket connection to 'ws://localhost:1420/' failed: Error in connection establishment: net::ERR_CONNECTION_REFUSED @ http://localhost:1420/@vite/client:1034
[ 3032654ms] [ERROR] WebSocket connection to 'ws://localhost:1420/' failed: Error in connection establishment: net::ERR_CONNECTION_REFUSED @ http://localhost:1420/@vite/client:1034
[ 3034904ms] [ERROR] WebSocket connection to 'ws://localhost:1420/' failed: Error in connection establishment: net::ERR_CONNECTION_REFUSED @ http://localhost:1420/@vite/client:1034
[ 3039829ms] [ERROR] WebSocket connection to 'ws://localhost:1420/' failed: Error in connection establishment: net::ERR_CONNECTION_REFUSED @ http://localhost:1420/@vite/client:1034
[ 3043251ms] [ERROR] WebSocket connection to 'ws://localhost:1420/' failed: Error in connection establishment: net::ERR_CONNECTION_REFUSED @ http://localhost:1420/@vite/client:1034
[ 3045587ms] [ERROR] WebSocket connection to 'ws://localhost:1420/' failed: Error in connection establishment: net::ERR_CONNECTION_REFUSED @ http://localhost:1420/@vite/client:1034
[ 3051121ms] [ERROR] WebSocket connection to 'ws://localhost:1420/' failed: Error in connection establishment: net::ERR_CONNECTION_REFUSED @ http://localhost:1420/@vite/client:1034
[ 3055196ms] [ERROR] WebSocket connection to 'ws://localhost:1420/' failed: Error in connection establishment: net::ERR_CONNECTION_REFUSED @ http://localhost:1420/@vite/client:1034
[ 3059167ms] [ERROR] WebSocket connection to 'ws://localhost:1420/' failed: Error in connection establishment: net::ERR_CONNECTION_REFUSED @ http://localhost:1420/@vite/client:1034
[ 3061260ms] [ERROR] WebSocket connection to 'ws://localhost:1420/' failed: Error in connection establishment: net::ERR_CONNECTION_REFUSED @ http://localhost:1420/@vite/client:1034
[ 3065360ms] [ERROR] WebSocket connection to 'ws://localhost:1420/' failed: Error in connection establishment: net::ERR_CONNECTION_REFUSED @ http://localhost:1420/@vite/client:1034
[ 3071355ms] [ERROR] WebSocket connection to 'ws://localhost:1420/' failed: Error in connection establishment: net::ERR_CONNECTION_REFUSED @ http://localhost:1420/@vite/client:1034
[ 3073846ms] [ERROR] WebSocket connection to 'ws://localhost:1420/' failed: Error in connection establishment: net::ERR_CONNECTION_REFUSED @ http://localhost:1420/@vite/client:1034
[ 3078359ms] [ERROR] WebSocket connection to 'ws://localhost:1420/' failed: Error in connection establishment: net::ERR_CONNECTION_REFUSED @ http://localhost:1420/@vite/client:1034
[ 3083546ms] [ERROR] WebSocket connection to 'ws://localhost:1420/' failed: Error in connection establishment: net::ERR_CONNECTION_REFUSED @ http://localhost:1420/@vite/client:1034
[ 3086054ms] [ERROR] WebSocket connection to 'ws://localhost:1420/' failed: Error in connection establishment: net::ERR_CONNECTION_REFUSED @ http://localhost:1420/@vite/client:1034
[ 3089044ms] [ERROR] WebSocket connection to 'ws://localhost:1420/' failed: Error in connection establishment: net::ERR_CONNECTION_REFUSED @ http://localhost:1420/@vite/client:1034
[ 3090048ms] [ERROR] WebSocket connection to 'ws://localhost:1420/' failed: Error in connection establishment: net::ERR_CONNECTION_REFUSED @ http://localhost:1420/@vite/client:1034
[ 3091052ms] [ERROR] WebSocket connection to 'ws://localhost:1420/' failed: Error in connection establishment: net::ERR_CONNECTION_REFUSED @ http://localhost:1420/@vite/client:1034
[ 3092054ms] [ERROR] WebSocket connection to 'ws://localhost:1420/' failed: Error in connection establishment: net::ERR_CONNECTION_REFUSED @ http://localhost:1420/@vite/client:1034
[ 3093058ms] [ERROR] WebSocket connection to 'ws://localhost:1420/' failed: Error in connection establishment: net::ERR_CONNECTION_REFUSED @ http://localhost:1420/@vite/client:1034
[ 3094063ms] [ERROR] WebSocket connection to 'ws://localhost:1420/' failed: Error in connection establishment: net::ERR_CONNECTION_REFUSED @ http://localhost:1420/@vite/client:1034
[ 3095068ms] [ERROR] WebSocket connection to 'ws://localhost:1420/' failed: Error in connection establishment: net::ERR_CONNECTION_REFUSED @ http://localhost:1420/@vite/client:1034
[ 3096075ms] [ERROR] WebSocket connection to 'ws://localhost:1420/' failed: Error in connection establishment: net::ERR_CONNECTION_REFUSED @ http://localhost:1420/@vite/client:1034
[ 3097093ms] [ERROR] WebSocket connection to 'ws://localhost:1420/' failed: Error in connection establishment: net::ERR_CONNECTION_REFUSED @ http://localhost:1420/@vite/client:1034
[ 3098138ms] [ERROR] WebSocket connection to 'ws://localhost:1420/' failed: Error in connection establishment: net::ERR_CONNECTION_REFUSED @ http://localhost:1420/@vite/client:1034
[ 3099204ms] [ERROR] WebSocket connection to 'ws://localhost:1420/' failed: Error in connection establishment: net::ERR_CONNECTION_REFUSED @ http://localhost:1420/@vite/client:1034
[ 3100307ms] [ERROR] WebSocket connection to 'ws://localhost:1420/' failed: Error in connection establishment: net::ERR_CONNECTION_REFUSED @ http://localhost:1420/@vite/client:1034
[ 3101537ms] [ERROR] WebSocket connection to 'ws://localhost:1420/' failed: Error in connection establishment: net::ERR_CONNECTION_REFUSED @ http://localhost:1420/@vite/client:1034
[ 3102867ms] [ERROR] WebSocket connection to 'ws://localhost:1420/' failed: Error in connection establishment: net::ERR_CONNECTION_REFUSED @ http://localhost:1420/@vite/client:1034
[ 3104826ms] [ERROR] WebSocket connection to 'ws://localhost:1420/' failed: Error in connection establishment: net::ERR_CONNECTION_REFUSED @ http://localhost:1420/@vite/client:1034
[ 3106454ms] [ERROR] WebSocket connection to 'ws://localhost:1420/' failed: Error in connection establishment: net::ERR_CONNECTION_REFUSED @ http://localhost:1420/@vite/client:1034
[ 3112313ms] [ERROR] WebSocket connection to 'ws://localhost:1420/' failed: Error in connection establishment: net::ERR_CONNECTION_REFUSED @ http://localhost:1420/@vite/client:1034
[ 3115679ms] [ERROR] WebSocket connection to 'ws://localhost:1420/' failed: Error in connection establishment: net::ERR_CONNECTION_REFUSED @ http://localhost:1420/@vite/client:1034
[ 3120284ms] [ERROR] WebSocket connection to 'ws://localhost:1420/' failed: Error in connection establishment: net::ERR_CONNECTION_REFUSED @ http://localhost:1420/@vite/client:1034
[ 3124440ms] [ERROR] WebSocket connection to 'ws://localhost:1420/' failed: Error in connection establishment: net::ERR_CONNECTION_REFUSED @ http://localhost:1420/@vite/client:1034
[ 3127987ms] [ERROR] WebSocket connection to 'ws://localhost:1420/' failed: Error in connection establishment: net::ERR_CONNECTION_REFUSED @ http://localhost:1420/@vite/client:1034
[ 3130576ms] [ERROR] WebSocket connection to 'ws://localhost:1420/' failed: Error in connection establishment: net::ERR_CONNECTION_REFUSED @ http://localhost:1420/@vite/client:1034
[ 3134090ms] [ERROR] WebSocket connection to 'ws://localhost:1420/' failed: Error in connection establishment: net::ERR_CONNECTION_REFUSED @ http://localhost:1420/@vite/client:1034
[ 3137924ms] [ERROR] WebSocket connection to 'ws://localhost:1420/' failed: Error in connection establishment: net::ERR_CONNECTION_REFUSED @ http://localhost:1420/@vite/client:1034
[ 3141581ms] [ERROR] WebSocket connection to 'ws://localhost:1420/' failed: Error in connection establishment: net::ERR_CONNECTION_REFUSED @ http://localhost:1420/@vite/client:1034
[ 3146161ms] [ERROR] WebSocket connection to 'ws://localhost:1420/' failed: Error in connection establishment: net::ERR_CONNECTION_REFUSED @ http://localhost:1420/@vite/client:1034
[ 3151768ms] [ERROR] WebSocket connection to 'ws://localhost:1420/' failed: Error in connection establishment: net::ERR_CONNECTION_REFUSED @ http://localhost:1420/@vite/client:1034
[ 3157115ms] [ERROR] WebSocket connection to 'ws://localhost:1420/' failed: Error in connection establishment: net::ERR_CONNECTION_REFUSED @ http://localhost:1420/@vite/client:1034
[ 3159599ms] [ERROR] WebSocket connection to 'ws://localhost:1420/' failed: Error in connection establishment: net::ERR_CONNECTION_REFUSED @ http://localhost:1420/@vite/client:1034
[ 3163723ms] [ERROR] WebSocket connection to 'ws://localhost:1420/' failed: Error in connection establishment: net::ERR_CONNECTION_REFUSED @ http://localhost:1420/@vite/client:1034
[ 3166517ms] [ERROR] WebSocket connection to 'ws://localhost:1420/' failed: Error in connection establishment: net::ERR_CONNECTION_REFUSED @ http://localhost:1420/@vite/client:1034
[ 3170679ms] [ERROR] WebSocket connection to 'ws://localhost:1420/' failed: Error in connection establishment: net::ERR_CONNECTION_REFUSED @ http://localhost:1420/@vite/client:1034
[ 3175484ms] [ERROR] WebSocket connection to 'ws://localhost:1420/' failed: Error in connection establishment: net::ERR_CONNECTION_REFUSED @ http://localhost:1420/@vite/client:1034
[ 3178558ms] [ERROR] WebSocket connection to 'ws://localhost:1420/' failed: Error in connection establishment: net::ERR_CONNECTION_REFUSED @ http://localhost:1420/@vite/client:1034
[ 3181886ms] [ERROR] WebSocket connection to 'ws://localhost:1420/' failed: Error in connection establishment: net::ERR_CONNECTION_REFUSED @ http://localhost:1420/@vite/client:1034
[ 3186405ms] [ERROR] WebSocket connection to 'ws://localhost:1420/' failed: Error in connection establishment: net::ERR_CONNECTION_REFUSED @ http://localhost:1420/@vite/client:1034
[ 3190607ms] [ERROR] WebSocket connection to 'ws://localhost:1420/' failed: Error in connection establishment: net::ERR_CONNECTION_REFUSED @ http://localhost:1420/@vite/client:1034
[ 3192782ms] [ERROR] WebSocket connection to 'ws://localhost:1420/' failed: Error in connection establishment: net::ERR_CONNECTION_REFUSED @ http://localhost:1420/@vite/client:1034
[ 3196376ms] [ERROR] WebSocket connection to 'ws://localhost:1420/' failed: Error in connection establishment: net::ERR_CONNECTION_REFUSED @ http://localhost:1420/@vite/client:1034
[ 3199993ms] [ERROR] WebSocket connection to 'ws://localhost:1420/' failed: Error in connection establishment: net::ERR_CONNECTION_REFUSED @ http://localhost:1420/@vite/client:1034
[ 3203760ms] [ERROR] WebSocket connection to 'ws://localhost:1420/' failed: Error in connection establishment: net::ERR_CONNECTION_REFUSED @ http://localhost:1420/@vite/client:1034
[ 3207718ms] [ERROR] WebSocket connection to 'ws://localhost:1420/' failed: Error in connection establishment: net::ERR_CONNECTION_REFUSED @ http://localhost:1420/@vite/client:1034
[ 3213609ms] [ERROR] WebSocket connection to 'ws://localhost:1420/' failed: Error in connection establishment: net::ERR_CONNECTION_REFUSED @ http://localhost:1420/@vite/client:1034
[ 3218215ms] [ERROR] WebSocket connection to 'ws://localhost:1420/' failed: Error in connection establishment: net::ERR_CONNECTION_REFUSED @ http://localhost:1420/@vite/client:1034
[ 3223795ms] [ERROR] WebSocket connection to 'ws://localhost:1420/' failed: Error in connection establishment: net::ERR_CONNECTION_REFUSED @ http://localhost:1420/@vite/client:1034
[ 3227381ms] [ERROR] WebSocket connection to 'ws://localhost:1420/' failed: Error in connection establishment: net::ERR_CONNECTION_REFUSED @ http://localhost:1420/@vite/client:1034
[ 3232315ms] [ERROR] WebSocket connection to 'ws://localhost:1420/' failed: Error in connection establishment: net::ERR_CONNECTION_REFUSED @ http://localhost:1420/@vite/client:1034
[ 3237248ms] [ERROR] WebSocket connection to 'ws://localhost:1420/' failed: Error in connection establishment: net::ERR_CONNECTION_REFUSED @ http://localhost:1420/@vite/client:1034
[ 3239948ms] [ERROR] WebSocket connection to 'ws://localhost:1420/' failed: Error in connection establishment: net::ERR_CONNECTION_REFUSED @ http://localhost:1420/@vite/client:1034
[ 3243965ms] [ERROR] WebSocket connection to 'ws://localhost:1420/' failed: Error in connection establishment: net::ERR_CONNECTION_REFUSED @ http://localhost:1420/@vite/client:1034
[ 3246413ms] [ERROR] WebSocket connection to 'ws://localhost:1420/' failed: Error in connection establishment: net::ERR_CONNECTION_REFUSED @ http://localhost:1420/@vite/client:1034
[ 3249582ms] [ERROR] WebSocket connection to 'ws://localhost:1420/' failed: Error in connection establishment: net::ERR_CONNECTION_REFUSED @ http://localhost:1420/@vite/client:1034
[ 3254282ms] [ERROR] WebSocket connection to 'ws://localhost:1420/' failed: Error in connection establishment: net::ERR_CONNECTION_REFUSED @ http://localhost:1420/@vite/client:1034
[ 3260223ms] [ERROR] WebSocket connection to 'ws://localhost:1420/' failed: Error in connection establishment: net::ERR_CONNECTION_REFUSED @ http://localhost:1420/@vite/client:1034
[ 3262729ms] [ERROR] WebSocket connection to 'ws://localhost:1420/' failed: Error in connection establishment: net::ERR_CONNECTION_REFUSED @ http://localhost:1420/@vite/client:1034
[ 3266449ms] [ERROR] WebSocket connection to 'ws://localhost:1420/' failed: Error in connection establishment: net::ERR_CONNECTION_REFUSED @ http://localhost:1420/@vite/client:1034
[ 3269373ms] [ERROR] WebSocket connection to 'ws://localhost:1420/' failed: Error in connection establishment: net::ERR_CONNECTION_REFUSED @ http://localhost:1420/@vite/client:1034
[ 3273336ms] [ERROR] WebSocket connection to 'ws://localhost:1420/' failed: Error in connection establishment: net::ERR_CONNECTION_REFUSED @ http://localhost:1420/@vite/client:1034
[ 3278795ms] [ERROR] WebSocket connection to 'ws://localhost:1420/' failed: Error in connection establishment: net::ERR_CONNECTION_REFUSED @ http://localhost:1420/@vite/client:1034
[ 3281035ms] [ERROR] WebSocket connection to 'ws://localhost:1420/' failed: Error in connection establishment: net::ERR_CONNECTION_REFUSED @ http://localhost:1420/@vite/client:1034
[ 3286315ms] [ERROR] WebSocket connection to 'ws://localhost:1420/' failed: Error in connection establishment: net::ERR_CONNECTION_REFUSED @ http://localhost:1420/@vite/client:1034
[ 3291329ms] [ERROR] WebSocket connection to 'ws://localhost:1420/' failed: Error in connection establishment: net::ERR_CONNECTION_REFUSED @ http://localhost:1420/@vite/client:1034
[ 3294787ms] [ERROR] WebSocket connection to 'ws://localhost:1420/' failed: Error in connection establishment: net::ERR_CONNECTION_REFUSED @ http://localhost:1420/@vite/client:1034
[ 3298448ms] [ERROR] WebSocket connection to 'ws://localhost:1420/' failed: Error in connection establishment: net::ERR_CONNECTION_REFUSED @ http://localhost:1420/@vite/client:1034
[ 3302528ms] [ERROR] WebSocket connection to 'ws://localhost:1420/' failed: Error in connection establishment: net::ERR_CONNECTION_REFUSED @ http://localhost:1420/@vite/client:1034
[ 3308214ms] [ERROR] WebSocket connection to 'ws://localhost:1420/' failed: Error in connection establishment: net::ERR_CONNECTION_REFUSED @ http://localhost:1420/@vite/client:1034
[ 3313023ms] [ERROR] WebSocket connection to 'ws://localhost:1420/' failed: Error in connection establishment: net::ERR_CONNECTION_REFUSED @ http://localhost:1420/@vite/client:1034
[ 3315662ms] [ERROR] WebSocket connection to 'ws://localhost:1420/' failed: Error in connection establishment: net::ERR_CONNECTION_REFUSED @ http://localhost:1420/@vite/client:1034
[ 3320562ms] [ERROR] WebSocket connection to 'ws://localhost:1420/' failed: Error in connection establishment: net::ERR_CONNECTION_REFUSED @ http://localhost:1420/@vite/client:1034
[ 3323762ms] [ERROR] WebSocket connection to 'ws://localhost:1420/' failed: Error in connection establishment: net::ERR_CONNECTION_REFUSED @ http://localhost:1420/@vite/client:1034
[ 3327269ms] [ERROR] WebSocket connection to 'ws://localhost:1420/' failed: Error in connection establishment: net::ERR_CONNECTION_REFUSED @ http://localhost:1420/@vite/client:1034
[ 3330261ms] [ERROR] WebSocket connection to 'ws://localhost:1420/' failed: Error in connection establishment: net::ERR_CONNECTION_REFUSED @ http://localhost:1420/@vite/client:1034
[ 3335727ms] [ERROR] WebSocket connection to 'ws://localhost:1420/' failed: Error in connection establishment: net::ERR_CONNECTION_REFUSED @ http://localhost:1420/@vite/client:1034
[ 3340502ms] [ERROR] WebSocket connection to 'ws://localhost:1420/' failed: Error in connection establishment: net::ERR_CONNECTION_REFUSED @ http://localhost:1420/@vite/client:1034
[ 3345181ms] [ERROR] WebSocket connection to 'ws://localhost:1420/' failed: Error in connection establishment: net::ERR_CONNECTION_REFUSED @ http://localhost:1420/@vite/client:1034
[ 3350326ms] [ERROR] WebSocket connection to 'ws://localhost:1420/' failed: Error in connection establishment: net::ERR_CONNECTION_REFUSED @ http://localhost:1420/@vite/client:1034
[ 3354831ms] [ERROR] WebSocket connection to 'ws://localhost:1420/' failed: Error in connection establishment: net::ERR_CONNECTION_REFUSED @ http://localhost:1420/@vite/client:1034
[ 3358156ms] [ERROR] WebSocket connection to 'ws://localhost:1420/' failed: Error in connection establishment: net::ERR_CONNECTION_REFUSED @ http://localhost:1420/@vite/client:1034
[ 3363573ms] [ERROR] WebSocket connection to 'ws://localhost:1420/' failed: Error in connection establishment: net::ERR_CONNECTION_REFUSED @ http://localhost:1420/@vite/client:1034
[ 3367786ms] [ERROR] WebSocket connection to 'ws://localhost:1420/' failed: Error in connection establishment: net::ERR_CONNECTION_REFUSED @ http://localhost:1420/@vite/client:1034
[ 3372186ms] [ERROR] WebSocket connection to 'ws://localhost:1420/' failed: Error in connection establishment: net::ERR_CONNECTION_REFUSED @ http://localhost:1420/@vite/client:1034
[ 3374320ms] [ERROR] WebSocket connection to 'ws://localhost:1420/' failed: Error in connection establishment: net::ERR_CONNECTION_REFUSED @ http://localhost:1420/@vite/client:1034
[ 3379927ms] [ERROR] WebSocket connection to 'ws://localhost:1420/' failed: Error in connection establishment: net::ERR_CONNECTION_REFUSED @ http://localhost:1420/@vite/client:1034
[ 3382278ms] [ERROR] WebSocket connection to 'ws://localhost:1420/' failed: Error in connection establishment: net::ERR_CONNECTION_REFUSED @ http://localhost:1420/@vite/client:1034
[ 3384793ms] [ERROR] WebSocket connection to 'ws://localhost:1420/' failed: Error in connection establishment: net::ERR_CONNECTION_REFUSED @ http://localhost:1420/@vite/client:1034
[ 3390744ms] [ERROR] WebSocket connection to 'ws://localhost:1420/' failed: Error in connection establishment: net::ERR_CONNECTION_REFUSED @ http://localhost:1420/@vite/client:1034
[ 3395744ms] [ERROR] WebSocket connection to 'ws://localhost:1420/' failed: Error in connection establishment: net::ERR_CONNECTION_REFUSED @ http://localhost:1420/@vite/client:1034
[ 3399294ms] [ERROR] WebSocket connection to 'ws://localhost:1420/' failed: Error in connection establishment: net::ERR_CONNECTION_REFUSED @ http://localhost:1420/@vite/client:1034
[ 3405186ms] [ERROR] WebSocket connection to 'ws://localhost:1420/' failed: Error in connection establishment: net::ERR_CONNECTION_REFUSED @ http://localhost:1420/@vite/client:1034
[ 3408567ms] [ERROR] WebSocket connection to 'ws://localhost:1420/' failed: Error in connection establishment: net::ERR_CONNECTION_REFUSED @ http://localhost:1420/@vite/client:1034
[ 3410826ms] [ERROR] WebSocket connection to 'ws://localhost:1420/' failed: Error in connection establishment: net::ERR_CONNECTION_REFUSED @ http://localhost:1420/@vite/client:1034
[ 3415121ms] [ERROR] WebSocket connection to 'ws://localhost:1420/' failed: Error in connection establishment: net::ERR_CONNECTION_REFUSED @ http://localhost:1420/@vite/client:1034
[ 3418279ms] [ERROR] WebSocket connection to 'ws://localhost:1420/' failed: Error in connection establishment: net::ERR_CONNECTION_REFUSED @ http://localhost:1420/@vite/client:1034
[ 3420710ms] [ERROR] WebSocket connection to 'ws://localhost:1420/' failed: Error in connection establishment: net::ERR_CONNECTION_REFUSED @ http://localhost:1420/@vite/client:1034
[ 3423526ms] [ERROR] WebSocket connection to 'ws://localhost:1420/' failed: Error in connection establishment: net::ERR_CONNECTION_REFUSED @ http://localhost:1420/@vite/client:1034
[ 3428010ms] [ERROR] WebSocket connection to 'ws://localhost:1420/' failed: Error in connection establishment: net::ERR_CONNECTION_REFUSED @ http://localhost:1420/@vite/client:1034
[ 3432179ms] [ERROR] WebSocket connection to 'ws://localhost:1420/' failed: Error in connection establishment: net::ERR_CONNECTION_REFUSED @ http://localhost:1420/@vite/client:1034
[ 3435498ms] [ERROR] WebSocket connection to 'ws://localhost:1420/' failed: Error in connection establishment: net::ERR_CONNECTION_REFUSED @ http://localhost:1420/@vite/client:1034
[ 3438733ms] [ERROR] WebSocket connection to 'ws://localhost:1420/' failed: Error in connection establishment: net::ERR_CONNECTION_REFUSED @ http://localhost:1420/@vite/client:1034
[ 3440966ms] [ERROR] WebSocket connection to 'ws://localhost:1420/' failed: Error in connection establishment: net::ERR_CONNECTION_REFUSED @ http://localhost:1420/@vite/client:1034
[ 3443841ms] [ERROR] WebSocket connection to 'ws://localhost:1420/' failed: Error in connection establishment: net::ERR_CONNECTION_REFUSED @ http://localhost:1420/@vite/client:1034
[ 3449546ms] [ERROR] WebSocket connection to 'ws://localhost:1420/' failed: Error in connection establishment: net::ERR_CONNECTION_REFUSED @ http://localhost:1420/@vite/client:1034
[ 3450548ms] [ERROR] WebSocket connection to 'ws://localhost:1420/' failed: Error in connection establishment: net::ERR_CONNECTION_REFUSED @ http://localhost:1420/@vite/client:1034
[ 3451550ms] [ERROR] WebSocket connection to 'ws://localhost:1420/' failed: Error in connection establishment: net::ERR_CONNECTION_REFUSED @ http://localhost:1420/@vite/client:1034
[ 3452553ms] [ERROR] WebSocket connection to 'ws://localhost:1420/' failed: Error in connection establishment: net::ERR_CONNECTION_REFUSED @ http://localhost:1420/@vite/client:1034
[ 3453554ms] [ERROR] WebSocket connection to 'ws://localhost:1420/' failed: Error in connection establishment: net::ERR_CONNECTION_REFUSED @ http://localhost:1420/@vite/client:1034
[ 3454555ms] [ERROR] WebSocket connection to 'ws://localhost:1420/' failed: Error in connection establishment: net::ERR_CONNECTION_REFUSED @ http://localhost:1420/@vite/client:1034
[ 3455559ms] [ERROR] WebSocket connection to 'ws://localhost:1420/' failed: Error in connection establishment: net::ERR_CONNECTION_REFUSED @ http://localhost:1420/@vite/client:1034
[ 3456565ms] [ERROR] WebSocket connection to 'ws://localhost:1420/' failed: Error in connection establishment: net::ERR_CONNECTION_REFUSED @ http://localhost:1420/@vite/client:1034
[ 3457574ms] [ERROR] WebSocket connection to 'ws://localhost:1420/' failed: Error in connection establishment: net::ERR_CONNECTION_REFUSED @ http://localhost:1420/@vite/client:1034
[ 3458609ms] [ERROR] WebSocket connection to 'ws://localhost:1420/' failed: Error in connection establishment: net::ERR_CONNECTION_REFUSED @ http://localhost:1420/@vite/client:1034
[ 3459638ms] [ERROR] WebSocket connection to 'ws://localhost:1420/' failed: Error in connection establishment: net::ERR_CONNECTION_REFUSED @ http://localhost:1420/@vite/client:1034
[ 3460784ms] [ERROR] WebSocket connection to 'ws://localhost:1420/' failed: Error in connection establishment: net::ERR_CONNECTION_REFUSED @ http://localhost:1420/@vite/client:1034
[ 3462009ms] [ERROR] WebSocket connection to 'ws://localhost:1420/' failed: Error in connection establishment: net::ERR_CONNECTION_REFUSED @ http://localhost:1420/@vite/client:1034
[ 3463319ms] [ERROR] WebSocket connection to 'ws://localhost:1420/' failed: Error in connection establishment: net::ERR_CONNECTION_REFUSED @ http://localhost:1420/@vite/client:1034
[ 3465176ms] [ERROR] WebSocket connection to 'ws://localhost:1420/' failed: Error in connection establishment: net::ERR_CONNECTION_REFUSED @ http://localhost:1420/@vite/client:1034
[ 3468162ms] [ERROR] WebSocket connection to 'ws://localhost:1420/' failed: Error in connection establishment: net::ERR_CONNECTION_REFUSED @ http://localhost:1420/@vite/client:1034
[ 3474060ms] [ERROR] WebSocket connection to 'ws://localhost:1420/' failed: Error in connection establishment: net::ERR_CONNECTION_REFUSED @ http://localhost:1420/@vite/client:1034
[ 3478001ms] [ERROR] WebSocket connection to 'ws://localhost:1420/' failed: Error in connection establishment: net::ERR_CONNECTION_REFUSED @ http://localhost:1420/@vite/client:1034
[ 3483129ms] [ERROR] WebSocket connection to 'ws://localhost:1420/' failed: Error in connection establishment: net::ERR_CONNECTION_REFUSED @ http://localhost:1420/@vite/client:1034
[ 3488675ms] [ERROR] WebSocket connection to 'ws://localhost:1420/' failed: Error in connection establishment: net::ERR_CONNECTION_REFUSED @ http://localhost:1420/@vite/client:1034
[ 3492307ms] [ERROR] WebSocket connection to 'ws://localhost:1420/' failed: Error in connection establishment: net::ERR_CONNECTION_REFUSED @ http://localhost:1420/@vite/client:1034
[ 3497190ms] [ERROR] WebSocket connection to 'ws://localhost:1420/' failed: Error in connection establishment: net::ERR_CONNECTION_REFUSED @ http://localhost:1420/@vite/client:1034
[ 3500360ms] [ERROR] WebSocket connection to 'ws://localhost:1420/' failed: Error in connection establishment: net::ERR_CONNECTION_REFUSED @ http://localhost:1420/@vite/client:1034
[ 3505105ms] [ERROR] WebSocket connection to 'ws://localhost:1420/' failed: Error in connection establishment: net::ERR_CONNECTION_REFUSED @ http://localhost:1420/@vite/client:1034
[ 3510250ms] [ERROR] WebSocket connection to 'ws://localhost:1420/' failed: Error in connection establishment: net::ERR_CONNECTION_REFUSED @ http://localhost:1420/@vite/client:1034
[ 3512708ms] [ERROR] WebSocket connection to 'ws://localhost:1420/' failed: Error in connection establishment: net::ERR_CONNECTION_REFUSED @ http://localhost:1420/@vite/client:1034
[ 3518720ms] [ERROR] WebSocket connection to 'ws://localhost:1420/' failed: Error in connection establishment: net::ERR_CONNECTION_REFUSED @ http://localhost:1420/@vite/client:1034
[ 3521925ms] [ERROR] WebSocket connection to 'ws://localhost:1420/' failed: Error in connection establishment: net::ERR_CONNECTION_REFUSED @ http://localhost:1420/@vite/client:1034
[ 3527266ms] [ERROR] WebSocket connection to 'ws://localhost:1420/' failed: Error in connection establishment: net::ERR_CONNECTION_REFUSED @ http://localhost:1420/@vite/client:1034
[ 3531508ms] [ERROR] WebSocket connection to 'ws://localhost:1420/' failed: Error in connection establishment: net::ERR_CONNECTION_REFUSED @ http://localhost:1420/@vite/client:1034
[ 3534684ms] [ERROR] WebSocket connection to 'ws://localhost:1420/' failed: Error in connection establishment: net::ERR_CONNECTION_REFUSED @ http://localhost:1420/@vite/client:1034
[ 3539919ms] [ERROR] WebSocket connection to 'ws://localhost:1420/' failed: Error in connection establishment: net::ERR_CONNECTION_REFUSED @ http://localhost:1420/@vite/client:1034
[ 3543761ms] [ERROR] WebSocket connection to 'ws://localhost:1420/' failed: Error in connection establishment: net::ERR_CONNECTION_REFUSED @ http://localhost:1420/@vite/client:1034
[ 3548184ms] [ERROR] WebSocket connection to 'ws://localhost:1420/' failed: Error in connection establishment: net::ERR_CONNECTION_REFUSED @ http://localhost:1420/@vite/client:1034
[ 3554015ms] [ERROR] WebSocket connection to 'ws://localhost:1420/' failed: Error in connection establishment: net::ERR_CONNECTION_REFUSED @ http://localhost:1420/@vite/client:1034
[ 3559608ms] [ERROR] WebSocket connection to 'ws://localhost:1420/' failed: Error in connection establishment: net::ERR_CONNECTION_REFUSED @ http://localhost:1420/@vite/client:1034
[ 3563691ms] [ERROR] WebSocket connection to 'ws://localhost:1420/' failed: Error in connection establishment: net::ERR_CONNECTION_REFUSED @ http://localhost:1420/@vite/client:1034
[ 3568111ms] [ERROR] WebSocket connection to 'ws://localhost:1420/' failed: Error in connection establishment: net::ERR_CONNECTION_REFUSED @ http://localhost:1420/@vite/client:1034
[ 3570568ms] [ERROR] WebSocket connection to 'ws://localhost:1420/' failed: Error in connection establishment: net::ERR_CONNECTION_REFUSED @ http://localhost:1420/@vite/client:1034
[ 3576066ms] [ERROR] WebSocket connection to 'ws://localhost:1420/' failed: Error in connection establishment: net::ERR_CONNECTION_REFUSED @ http://localhost:1420/@vite/client:1034
[ 3579958ms] [ERROR] WebSocket connection to 'ws://localhost:1420/' failed: Error in connection establishment: net::ERR_CONNECTION_REFUSED @ http://localhost:1420/@vite/client:1034
[ 3583545ms] [ERROR] WebSocket connection to 'ws://localhost:1420/' failed: Error in connection establishment: net::ERR_CONNECTION_REFUSED @ http://localhost:1420/@vite/client:1034
[ 3585863ms] [ERROR] WebSocket connection to 'ws://localhost:1420/' failed: Error in connection establishment: net::ERR_CONNECTION_REFUSED @ http://localhost:1420/@vite/client:1034
[ 3591583ms] [ERROR] WebSocket connection to 'ws://localhost:1420/' failed: Error in connection establishment: net::ERR_CONNECTION_REFUSED @ http://localhost:1420/@vite/client:1034
[ 3597508ms] [ERROR] WebSocket connection to 'ws://localhost:1420/' failed: Error in connection establishment: net::ERR_CONNECTION_REFUSED @ http://localhost:1420/@vite/client:1034
[ 3601729ms] [ERROR] WebSocket connection to 'ws://localhost:1420/' failed: Error in connection establishment: net::ERR_CONNECTION_REFUSED @ http://localhost:1420/@vite/client:1034
[ 3604046ms] [ERROR] WebSocket connection to 'ws://localhost:1420/' failed: Error in connection establishment: net::ERR_CONNECTION_REFUSED @ http://localhost:1420/@vite/client:1034
[ 3608910ms] [ERROR] WebSocket connection to 'ws://localhost:1420/' failed: Error in connection establishment: net::ERR_CONNECTION_REFUSED @ http://localhost:1420/@vite/client:1034
[ 3613474ms] [ERROR] WebSocket connection to 'ws://localhost:1420/' failed: Error in connection establishment: net::ERR_CONNECTION_REFUSED @ http://localhost:1420/@vite/client:1034
[ 3615679ms] [ERROR] WebSocket connection to 'ws://localhost:1420/' failed: Error in connection establishment: net::ERR_CONNECTION_REFUSED @ http://localhost:1420/@vite/client:1034
[ 3618241ms] [ERROR] WebSocket connection to 'ws://localhost:1420/' failed: Error in connection establishment: net::ERR_CONNECTION_REFUSED @ http://localhost:1420/@vite/client:1034
[ 3620683ms] [ERROR] WebSocket connection to 'ws://localhost:1420/' failed: Error in connection establishment: net::ERR_CONNECTION_REFUSED @ http://localhost:1420/@vite/client:1034
[ 3626545ms] [ERROR] WebSocket connection to 'ws://localhost:1420/' failed: Error in connection establishment: net::ERR_CONNECTION_REFUSED @ http://localhost:1420/@vite/client:1034
[ 3631369ms] [ERROR] WebSocket connection to 'ws://localhost:1420/' failed: Error in connection establishment: net::ERR_CONNECTION_REFUSED @ http://localhost:1420/@vite/client:1034
[ 3636823ms] [ERROR] WebSocket connection to 'ws://localhost:1420/' failed: Error in connection establishment: net::ERR_CONNECTION_REFUSED @ http://localhost:1420/@vite/client:1034
[ 3642319ms] [ERROR] WebSocket connection to 'ws://localhost:1420/' failed: Error in connection establishment: net::ERR_CONNECTION_REFUSED @ http://localhost:1420/@vite/client:1034
[ 3644890ms] [ERROR] WebSocket connection to 'ws://localhost:1420/' failed: Error in connection establishment: net::ERR_CONNECTION_REFUSED @ http://localhost:1420/@vite/client:1034
[ 3648073ms] [ERROR] WebSocket connection to 'ws://localhost:1420/' failed: Error in connection establishment: net::ERR_CONNECTION_REFUSED @ http://localhost:1420/@vite/client:1034
[ 3650544ms] [ERROR] WebSocket connection to 'ws://localhost:1420/' failed: Error in connection establishment: net::ERR_CONNECTION_REFUSED @ http://localhost:1420/@vite/client:1034
[ 3655360ms] [ERROR] WebSocket connection to 'ws://localhost:1420/' failed: Error in connection establishment: net::ERR_CONNECTION_REFUSED @ http://localhost:1420/@vite/client:1034
[ 3659390ms] [ERROR] WebSocket connection to 'ws://localhost:1420/' failed: Error in connection establishment: net::ERR_CONNECTION_REFUSED @ http://localhost:1420/@vite/client:1034
[ 3665156ms] [ERROR] WebSocket connection to 'ws://localhost:1420/' failed: Error in connection establishment: net::ERR_CONNECTION_REFUSED @ http://localhost:1420/@vite/client:1034
[ 3668708ms] [ERROR] WebSocket connection to 'ws://localhost:1420/' failed: Error in connection establishment: net::ERR_CONNECTION_REFUSED @ http://localhost:1420/@vite/client:1034
[ 3671883ms] [ERROR] WebSocket connection to 'ws://localhost:1420/' failed: Error in connection establishment: net::ERR_CONNECTION_REFUSED @ http://localhost:1420/@vite/client:1034
[ 3676390ms] [ERROR] WebSocket connection to 'ws://localhost:1420/' failed: Error in connection establishment: net::ERR_CONNECTION_REFUSED @ http://localhost:1420/@vite/client:1034
[ 3682027ms] [ERROR] WebSocket connection to 'ws://localhost:1420/' failed: Error in connection establishment: net::ERR_CONNECTION_REFUSED @ http://localhost:1420/@vite/client:1034
[ 3687581ms] [ERROR] WebSocket connection to 'ws://localhost:1420/' failed: Error in connection establishment: net::ERR_CONNECTION_REFUSED @ http://localhost:1420/@vite/client:1034
[ 3693139ms] [ERROR] WebSocket connection to 'ws://localhost:1420/' failed: Error in connection establishment: net::ERR_CONNECTION_REFUSED @ http://localhost:1420/@vite/client:1034
[ 3697229ms] [ERROR] WebSocket connection to 'ws://localhost:1420/' failed: Error in connection establishment: net::ERR_CONNECTION_REFUSED @ http://localhost:1420/@vite/client:1034
[ 3702939ms] [ERROR] WebSocket connection to 'ws://localhost:1420/' failed: Error in connection establishment: net::ERR_CONNECTION_REFUSED @ http://localhost:1420/@vite/client:1034
[ 3705945ms] [ERROR] WebSocket connection to 'ws://localhost:1420/' failed: Error in connection establishment: net::ERR_CONNECTION_REFUSED @ http://localhost:1420/@vite/client:1034
[ 3710576ms] [ERROR] WebSocket connection to 'ws://localhost:1420/' failed: Error in connection establishment: net::ERR_CONNECTION_REFUSED @ http://localhost:1420/@vite/client:1034
[ 3713123ms] [ERROR] WebSocket connection to 'ws://localhost:1420/' failed: Error in connection establishment: net::ERR_CONNECTION_REFUSED @ http://localhost:1420/@vite/client:1034
[ 3717829ms] [ERROR] WebSocket connection to 'ws://localhost:1420/' failed: Error in connection establishment: net::ERR_CONNECTION_REFUSED @ http://localhost:1420/@vite/client:1034
[ 3721112ms] [ERROR] WebSocket connection to 'ws://localhost:1420/' failed: Error in connection establishment: net::ERR_CONNECTION_REFUSED @ http://localhost:1420/@vite/client:1034
[ 3724726ms] [ERROR] WebSocket connection to 'ws://localhost:1420/' failed: Error in connection establishment: net::ERR_CONNECTION_REFUSED @ http://localhost:1420/@vite/client:1034
[ 3730089ms] [ERROR] WebSocket connection to 'ws://localhost:1420/' failed: Error in connection establishment: net::ERR_CONNECTION_REFUSED @ http://localhost:1420/@vite/client:1034
[ 3734181ms] [ERROR] WebSocket connection to 'ws://localhost:1420/' failed: Error in connection establishment: net::ERR_CONNECTION_REFUSED @ http://localhost:1420/@vite/client:1034
[ 3740089ms] [ERROR] WebSocket connection to 'ws://localhost:1420/' failed: Error in connection establishment: net::ERR_CONNECTION_REFUSED @ http://localhost:1420/@vite/client:1034
[ 3744808ms] [ERROR] WebSocket connection to 'ws://localhost:1420/' failed: Error in connection establishment: net::ERR_CONNECTION_REFUSED @ http://localhost:1420/@vite/client:1034
[ 3748966ms] [ERROR] WebSocket connection to 'ws://localhost:1420/' failed: Error in connection establishment: net::ERR_CONNECTION_REFUSED @ http://localhost:1420/@vite/client:1034
[ 3753549ms] [ERROR] WebSocket connection to 'ws://localhost:1420/' failed: Error in connection establishment: net::ERR_CONNECTION_REFUSED @ http://localhost:1420/@vite/client:1034
[ 3758509ms] [ERROR] WebSocket connection to 'ws://localhost:1420/' failed: Error in connection establishment: net::ERR_CONNECTION_REFUSED @ http://localhost:1420/@vite/client:1034
[ 3761955ms] [ERROR] WebSocket connection to 'ws://localhost:1420/' failed: Error in connection establishment: net::ERR_CONNECTION_REFUSED @ http://localhost:1420/@vite/client:1034
[ 3765522ms] [ERROR] WebSocket connection to 'ws://localhost:1420/' failed: Error in connection establishment: net::ERR_CONNECTION_REFUSED @ http://localhost:1420/@vite/client:1034
[ 3769216ms] [ERROR] WebSocket connection to 'ws://localhost:1420/' failed: Error in connection establishment: net::ERR_CONNECTION_REFUSED @ http://localhost:1420/@vite/client:1034
[ 3773980ms] [ERROR] WebSocket connection to 'ws://localhost:1420/' failed: Error in connection establishment: net::ERR_CONNECTION_REFUSED @ http://localhost:1420/@vite/client:1034
[ 3777405ms] [ERROR] WebSocket connection to 'ws://localhost:1420/' failed: Error in connection establishment: net::ERR_CONNECTION_REFUSED @ http://localhost:1420/@vite/client:1034
[ 3781955ms] [ERROR] WebSocket connection to 'ws://localhost:1420/' failed: Error in connection establishment: net::ERR_CONNECTION_REFUSED @ http://localhost:1420/@vite/client:1034
[ 3784545ms] [ERROR] WebSocket connection to 'ws://localhost:1420/' failed: Error in connection establishment: net::ERR_CONNECTION_REFUSED @ http://localhost:1420/@vite/client:1034
[ 3786989ms] [ERROR] WebSocket connection to 'ws://localhost:1420/' failed: Error in connection establishment: net::ERR_CONNECTION_REFUSED @ http://localhost:1420/@vite/client:1034
[ 3790708ms] [ERROR] WebSocket connection to 'ws://localhost:1420/' failed: Error in connection establishment: net::ERR_CONNECTION_REFUSED @ http://localhost:1420/@vite/client:1034
[ 3795255ms] [ERROR] WebSocket connection to 'ws://localhost:1420/' failed: Error in connection establishment: net::ERR_CONNECTION_REFUSED @ http://localhost:1420/@vite/client:1034
[ 3798521ms] [ERROR] WebSocket connection to 'ws://localhost:1420/' failed: Error in connection establishment: net::ERR_CONNECTION_REFUSED @ http://localhost:1420/@vite/client:1034
[ 3802971ms] [ERROR] WebSocket connection to 'ws://localhost:1420/' failed: Error in connection establishment: net::ERR_CONNECTION_REFUSED @ http://localhost:1420/@vite/client:1034
[ 3805248ms] [ERROR] WebSocket connection to 'ws://localhost:1420/' failed: Error in connection establishment: net::ERR_CONNECTION_REFUSED @ http://localhost:1420/@vite/client:1034
[ 3810199ms] [ERROR] WebSocket connection to 'ws://localhost:1420/' failed: Error in connection establishment: net::ERR_CONNECTION_REFUSED @ http://localhost:1420/@vite/client:1034
[ 3811200ms] [ERROR] WebSocket connection to 'ws://localhost:1420/' failed: Error in connection establishment: net::ERR_CONNECTION_REFUSED @ http://localhost:1420/@vite/client:1034
[ 3812203ms] [ERROR] WebSocket connection to 'ws://localhost:1420/' failed: Error in connection establishment: net::ERR_CONNECTION_REFUSED @ http://localhost:1420/@vite/client:1034
[ 3813205ms] [ERROR] WebSocket connection to 'ws://localhost:1420/' failed: Error in connection establishment: net::ERR_CONNECTION_REFUSED @ http://localhost:1420/@vite/client:1034
[ 3814208ms] [ERROR] WebSocket connection to 'ws://localhost:1420/' failed: Error in connection establishment: net::ERR_CONNECTION_REFUSED @ http://localhost:1420/@vite/client:1034
[ 3815211ms] [ERROR] WebSocket connection to 'ws://localhost:1420/' failed: Error in connection establishment: net::ERR_CONNECTION_REFUSED @ http://localhost:1420/@vite/client:1034
[ 3816217ms] [ERROR] WebSocket connection to 'ws://localhost:1420/' failed: Error in connection establishment: net::ERR_CONNECTION_REFUSED @ http://localhost:1420/@vite/client:1034
[ 3817228ms] [ERROR] WebSocket connection to 'ws://localhost:1420/' failed: Error in connection establishment: net::ERR_CONNECTION_REFUSED @ http://localhost:1420/@vite/client:1034
[ 3818243ms] [ERROR] WebSocket connection to 'ws://localhost:1420/' failed: Error in connection establishment: net::ERR_CONNECTION_REFUSED @ http://localhost:1420/@vite/client:1034
[ 3819263ms] [ERROR] WebSocket connection to 'ws://localhost:1420/' failed: Error in connection establishment: net::ERR_CONNECTION_REFUSED @ http://localhost:1420/@vite/client:1034
[ 3820316ms] [ERROR] WebSocket connection to 'ws://localhost:1420/' failed: Error in connection establishment: net::ERR_CONNECTION_REFUSED @ http://localhost:1420/@vite/client:1034
[ 3821368ms] [ERROR] WebSocket connection to 'ws://localhost:1420/' failed: Error in connection establishment: net::ERR_CONNECTION_REFUSED @ http://localhost:1420/@vite/client:1034
[ 3822612ms] [ERROR] WebSocket connection to 'ws://localhost:1420/' failed: Error in connection establishment: net::ERR_CONNECTION_REFUSED @ http://localhost:1420/@vite/client:1034
[ 3823779ms] [ERROR] WebSocket connection to 'ws://localhost:1420/' failed: Error in connection establishment: net::ERR_CONNECTION_REFUSED @ http://localhost:1420/@vite/client:1034
[ 3825043ms] [ERROR] WebSocket connection to 'ws://localhost:1420/' failed: Error in connection establishment: net::ERR_CONNECTION_REFUSED @ http://localhost:1420/@vite/client:1034
[ 3828315ms] [ERROR] WebSocket connection to 'ws://localhost:1420/' failed: Error in connection establishment: net::ERR_CONNECTION_REFUSED @ http://localhost:1420/@vite/client:1034
[ 3831808ms] [ERROR] WebSocket connection to 'ws://localhost:1420/' failed: Error in connection establishment: net::ERR_CONNECTION_REFUSED @ http://localhost:1420/@vite/client:1034
[ 3835025ms] [ERROR] WebSocket connection to 'ws://localhost:1420/' failed: Error in connection establishment: net::ERR_CONNECTION_REFUSED @ http://localhost:1420/@vite/client:1034
[ 3837310ms] [ERROR] WebSocket connection to 'ws://localhost:1420/' failed: Error in connection establishment: net::ERR_CONNECTION_REFUSED @ http://localhost:1420/@vite/client:1034
[ 3841114ms] [ERROR] WebSocket connection to 'ws://localhost:1420/' failed: Error in connection establishment: net::ERR_CONNECTION_REFUSED @ http://localhost:1420/@vite/client:1034
[ 3844321ms] [ERROR] WebSocket connection to 'ws://localhost:1420/' failed: Error in connection establishment: net::ERR_CONNECTION_REFUSED @ http://localhost:1420/@vite/client:1034
[ 3847257ms] [ERROR] WebSocket connection to 'ws://localhost:1420/' failed: Error in connection establishment: net::ERR_CONNECTION_REFUSED @ http://localhost:1420/@vite/client:1034
[ 3850191ms] [ERROR] WebSocket connection to 'ws://localhost:1420/' failed: Error in connection establishment: net::ERR_CONNECTION_REFUSED @ http://localhost:1420/@vite/client:1034
[ 3853755ms] [ERROR] WebSocket connection to 'ws://localhost:1420/' failed: Error in connection establishment: net::ERR_CONNECTION_REFUSED @ http://localhost:1420/@vite/client:1034
[ 3855774ms] [ERROR] WebSocket connection to 'ws://localhost:1420/' failed: Error in connection establishment: net::ERR_CONNECTION_REFUSED @ http://localhost:1420/@vite/client:1034
[ 3860031ms] [ERROR] WebSocket connection to 'ws://localhost:1420/' failed: Error in connection establishment: net::ERR_CONNECTION_REFUSED @ http://localhost:1420/@vite/client:1034
[ 3865574ms] [ERROR] WebSocket connection to 'ws://localhost:1420/' failed: Error in connection establishment: net::ERR_CONNECTION_REFUSED @ http://localhost:1420/@vite/client:1034
[ 3869838ms] [ERROR] WebSocket connection to 'ws://localhost:1420/' failed: Error in connection establishment: net::ERR_CONNECTION_REFUSED @ http://localhost:1420/@vite/client:1034
[ 3874278ms] [ERROR] WebSocket connection to 'ws://localhost:1420/' failed: Error in connection establishment: net::ERR_CONNECTION_REFUSED @ http://localhost:1420/@vite/client:1034
[ 3877842ms] [ERROR] WebSocket connection to 'ws://localhost:1420/' failed: Error in connection establishment: net::ERR_CONNECTION_REFUSED @ http://localhost:1420/@vite/client:1034
[ 3880671ms] [ERROR] WebSocket connection to 'ws://localhost:1420/' failed: Error in connection establishment: net::ERR_CONNECTION_REFUSED @ http://localhost:1420/@vite/client:1034
[ 3883720ms] [ERROR] WebSocket connection to 'ws://localhost:1420/' failed: Error in connection establishment: net::ERR_CONNECTION_REFUSED @ http://localhost:1420/@vite/client:1034
[ 3889287ms] [ERROR] WebSocket connection to 'ws://localhost:1420/' failed: Error in connection establishment: net::ERR_CONNECTION_REFUSED @ http://localhost:1420/@vite/client:1034
[ 3894049ms] [ERROR] WebSocket connection to 'ws://localhost:1420/' failed: Error in connection establishment: net::ERR_CONNECTION_REFUSED @ http://localhost:1420/@vite/client:1034
[ 3898510ms] [ERROR] WebSocket connection to 'ws://localhost:1420/' failed: Error in connection establishment: net::ERR_CONNECTION_REFUSED @ http://localhost:1420/@vite/client:1034
[ 3903386ms] [ERROR] WebSocket connection to 'ws://localhost:1420/' failed: Error in connection establishment: net::ERR_CONNECTION_REFUSED @ http://localhost:1420/@vite/client:1034
[ 3907170ms] [ERROR] WebSocket connection to 'ws://localhost:1420/' failed: Error in connection establishment: net::ERR_CONNECTION_REFUSED @ http://localhost:1420/@vite/client:1034
[ 3909906ms] [ERROR] WebSocket connection to 'ws://localhost:1420/' failed: Error in connection establishment: net::ERR_CONNECTION_REFUSED @ http://localhost:1420/@vite/client:1034
[ 3911983ms] [ERROR] WebSocket connection to 'ws://localhost:1420/' failed: Error in connection establishment: net::ERR_CONNECTION_REFUSED @ http://localhost:1420/@vite/client:1034
[ 3914739ms] [ERROR] WebSocket connection to 'ws://localhost:1420/' failed: Error in connection establishment: net::ERR_CONNECTION_REFUSED @ http://localhost:1420/@vite/client:1034
[ 3916911ms] [ERROR] WebSocket connection to 'ws://localhost:1420/' failed: Error in connection establishment: net::ERR_CONNECTION_REFUSED @ http://localhost:1420/@vite/client:1034
[ 3919331ms] [ERROR] WebSocket connection to 'ws://localhost:1420/' failed: Error in connection establishment: net::ERR_CONNECTION_REFUSED @ http://localhost:1420/@vite/client:1034
[ 3922172ms] [ERROR] WebSocket connection to 'ws://localhost:1420/' failed: Error in connection establishment: net::ERR_CONNECTION_REFUSED @ http://localhost:1420/@vite/client:1034
[ 3927877ms] [ERROR] WebSocket connection to 'ws://localhost:1420/' failed: Error in connection establishment: net::ERR_CONNECTION_REFUSED @ http://localhost:1420/@vite/client:1034
[ 3931156ms] [ERROR] WebSocket connection to 'ws://localhost:1420/' failed: Error in connection establishment: net::ERR_CONNECTION_REFUSED @ http://localhost:1420/@vite/client:1034
[ 3932159ms] [ERROR] WebSocket connection to 'ws://localhost:1420/' failed: Error in connection establishment: net::ERR_CONNECTION_REFUSED @ http://localhost:1420/@vite/client:1034
[ 3933161ms] [ERROR] WebSocket connection to 'ws://localhost:1420/' failed: Error in connection establishment: net::ERR_CONNECTION_REFUSED @ http://localhost:1420/@vite/client:1034
[ 3934164ms] [ERROR] WebSocket connection to 'ws://localhost:1420/' failed: Error in connection establishment: net::ERR_CONNECTION_REFUSED @ http://localhost:1420/@vite/client:1034
[ 3935167ms] [ERROR] WebSocket connection to 'ws://localhost:1420/' failed: Error in connection establishment: net::ERR_CONNECTION_REFUSED @ http://localhost:1420/@vite/client:1034
[ 3936170ms] [ERROR] WebSocket connection to 'ws://localhost:1420/' failed: Error in connection establishment: net::ERR_CONNECTION_REFUSED @ http://localhost:1420/@vite/client:1034
[ 3937178ms] [ERROR] WebSocket connection to 'ws://localhost:1420/' failed: Error in connection establishment: net::ERR_CONNECTION_REFUSED @ http://localhost:1420/@vite/client:1034
[ 3938186ms] [ERROR] WebSocket connection to 'ws://localhost:1420/' failed: Error in connection establishment: net::ERR_CONNECTION_REFUSED @ http://localhost:1420/@vite/client:1034
[ 3939196ms] [ERROR] WebSocket connection to 'ws://localhost:1420/' failed: Error in connection establishment: net::ERR_CONNECTION_REFUSED @ http://localhost:1420/@vite/client:1034
[ 3940230ms] [ERROR] WebSocket connection to 'ws://localhost:1420/' failed: Error in connection establishment: net::ERR_CONNECTION_REFUSED @ http://localhost:1420/@vite/client:1034
[ 3941311ms] [ERROR] WebSocket connection to 'ws://localhost:1420/' failed: Error in connection establishment: net::ERR_CONNECTION_REFUSED @ http://localhost:1420/@vite/client:1034
[ 3942412ms] [ERROR] WebSocket connection to 'ws://localhost:1420/' failed: Error in connection establishment: net::ERR_CONNECTION_REFUSED @ http://localhost:1420/@vite/client:1034
[ 3943562ms] [ERROR] WebSocket connection to 'ws://localhost:1420/' failed: Error in connection establishment: net::ERR_CONNECTION_REFUSED @ http://localhost:1420/@vite/client:1034
[ 3945132ms] [ERROR] WebSocket connection to 'ws://localhost:1420/' failed: Error in connection establishment: net::ERR_CONNECTION_REFUSED @ http://localhost:1420/@vite/client:1034
[ 3947172ms] [ERROR] WebSocket connection to 'ws://localhost:1420/' failed: Error in connection establishment: net::ERR_CONNECTION_REFUSED @ http://localhost:1420/@vite/client:1034
[ 3950386ms] [ERROR] WebSocket connection to 'ws://localhost:1420/' failed: Error in connection establishment: net::ERR_CONNECTION_REFUSED @ http://localhost:1420/@vite/client:1034
[ 3955613ms] [ERROR] WebSocket connection to 'ws://localhost:1420/' failed: Error in connection establishment: net::ERR_CONNECTION_REFUSED @ http://localhost:1420/@vite/client:1034
[ 3960719ms] [ERROR] WebSocket connection to 'ws://localhost:1420/' failed: Error in connection establishment: net::ERR_CONNECTION_REFUSED @ http://localhost:1420/@vite/client:1034
[ 3963696ms] [ERROR] WebSocket connection to 'ws://localhost:1420/' failed: Error in connection establishment: net::ERR_CONNECTION_REFUSED @ http://localhost:1420/@vite/client:1034
[ 3967962ms] [ERROR] WebSocket connection to 'ws://localhost:1420/' failed: Error in connection establishment: net::ERR_CONNECTION_REFUSED @ http://localhost:1420/@vite/client:1034
[ 3971510ms] [ERROR] WebSocket connection to 'ws://localhost:1420/' failed: Error in connection establishment: net::ERR_CONNECTION_REFUSED @ http://localhost:1420/@vite/client:1034
[ 3973637ms] [ERROR] WebSocket connection to 'ws://localhost:1420/' failed: Error in connection establishment: net::ERR_CONNECTION_REFUSED @ http://localhost:1420/@vite/client:1034
[ 3975853ms] [ERROR] WebSocket connection to 'ws://localhost:1420/' failed: Error in connection establishment: net::ERR_CONNECTION_REFUSED @ http://localhost:1420/@vite/client:1034
[ 3980828ms] [ERROR] WebSocket connection to 'ws://localhost:1420/' failed: Error in connection establishment: net::ERR_CONNECTION_REFUSED @ http://localhost:1420/@vite/client:1034
[ 3986520ms] [ERROR] WebSocket connection to 'ws://localhost:1420/' failed: Error in connection establishment: net::ERR_CONNECTION_REFUSED @ http://localhost:1420/@vite/client:1034
[ 3990246ms] [ERROR] WebSocket connection to 'ws://localhost:1420/' failed: Error in connection establishment: net::ERR_CONNECTION_REFUSED @ http://localhost:1420/@vite/client:1034
[ 3996086ms] [ERROR] WebSocket connection to 'ws://localhost:1420/' failed: Error in connection establishment: net::ERR_CONNECTION_REFUSED @ http://localhost:1420/@vite/client:1034
[ 3999294ms] [ERROR] WebSocket connection to 'ws://localhost:1420/' failed: Error in connection establishment: net::ERR_CONNECTION_REFUSED @ http://localhost:1420/@vite/client:1034
[ 4004314ms] [ERROR] WebSocket connection to 'ws://localhost:1420/' failed: Error in connection establishment: net::ERR_CONNECTION_REFUSED @ http://localhost:1420/@vite/client:1034
[ 4008352ms] [ERROR] WebSocket connection to 'ws://localhost:1420/' failed: Error in connection establishment: net::ERR_CONNECTION_REFUSED @ http://localhost:1420/@vite/client:1034
[ 4011852ms] [ERROR] WebSocket connection to 'ws://localhost:1420/' failed: Error in connection establishment: net::ERR_CONNECTION_REFUSED @ http://localhost:1420/@vite/client:1034
[ 4015903ms] [ERROR] WebSocket connection to 'ws://localhost:1420/' failed: Error in connection establishment: net::ERR_CONNECTION_REFUSED @ http://localhost:1420/@vite/client:1034
[ 4018086ms] [ERROR] WebSocket connection to 'ws://localhost:1420/' failed: Error in connection establishment: net::ERR_CONNECTION_REFUSED @ http://localhost:1420/@vite/client:1034
[ 4023992ms] [ERROR] WebSocket connection to 'ws://localhost:1420/' failed: Error in connection establishment: net::ERR_CONNECTION_REFUSED @ http://localhost:1420/@vite/client:1034
[ 4029513ms] [ERROR] WebSocket connection to 'ws://localhost:1420/' failed: Error in connection establishment: net::ERR_CONNECTION_REFUSED @ http://localhost:1420/@vite/client:1034
[ 4034786ms] [ERROR] WebSocket connection to 'ws://localhost:1420/' failed: Error in connection establishment: net::ERR_CONNECTION_REFUSED @ http://localhost:1420/@vite/client:1034
[ 4037336ms] [ERROR] WebSocket connection to 'ws://localhost:1420/' failed: Error in connection establishment: net::ERR_CONNECTION_REFUSED @ http://localhost:1420/@vite/client:1034
[ 4042111ms] [ERROR] WebSocket connection to 'ws://localhost:1420/' failed: Error in connection establishment: net::ERR_CONNECTION_REFUSED @ http://localhost:1420/@vite/client:1034
[ 4047816ms] [ERROR] WebSocket connection to 'ws://localhost:1420/' failed: Error in connection establishment: net::ERR_CONNECTION_REFUSED @ http://localhost:1420/@vite/client:1034
[ 4050513ms] [ERROR] WebSocket connection to 'ws://localhost:1420/' failed: Error in connection establishment: net::ERR_CONNECTION_REFUSED @ http://localhost:1420/@vite/client:1034
[ 4054803ms] [ERROR] WebSocket connection to 'ws://localhost:1420/' failed: Error in connection establishment: net::ERR_CONNECTION_REFUSED @ http://localhost:1420/@vite/client:1034
[ 4059338ms] [ERROR] WebSocket connection to 'ws://localhost:1420/' failed: Error in connection establishment: net::ERR_CONNECTION_REFUSED @ http://localhost:1420/@vite/client:1034
[ 4062972ms] [ERROR] WebSocket connection to 'ws://localhost:1420/' failed: Error in connection establishment: net::ERR_CONNECTION_REFUSED @ http://localhost:1420/@vite/client:1034
[ 4068170ms] [ERROR] WebSocket connection to 'ws://localhost:1420/' failed: Error in connection establishment: net::ERR_CONNECTION_REFUSED @ http://localhost:1420/@vite/client:1034
[ 4070496ms] [ERROR] WebSocket connection to 'ws://localhost:1420/' failed: Error in connection establishment: net::ERR_CONNECTION_REFUSED @ http://localhost:1420/@vite/client:1034
[ 4072512ms] [ERROR] WebSocket connection to 'ws://localhost:1420/' failed: Error in connection establishment: net::ERR_CONNECTION_REFUSED @ http://localhost:1420/@vite/client:1034
[ 4078312ms] [ERROR] WebSocket connection to 'ws://localhost:1420/' failed: Error in connection establishment: net::ERR_CONNECTION_REFUSED @ http://localhost:1420/@vite/client:1034
[ 4080372ms] [ERROR] WebSocket connection to 'ws://localhost:1420/' failed: Error in connection establishment: net::ERR_CONNECTION_REFUSED @ http://localhost:1420/@vite/client:1034
[ 4084755ms] [ERROR] WebSocket connection to 'ws://localhost:1420/' failed: Error in connection establishment: net::ERR_CONNECTION_REFUSED @ http://localhost:1420/@vite/client:1034
[ 4086782ms] [ERROR] WebSocket connection to 'ws://localhost:1420/' failed: Error in connection establishment: net::ERR_CONNECTION_REFUSED @ http://localhost:1420/@vite/client:1034
[ 4091455ms] [ERROR] WebSocket connection to 'ws://localhost:1420/' failed: Error in connection establishment: net::ERR_CONNECTION_REFUSED @ http://localhost:1420/@vite/client:1034
[ 4096619ms] [ERROR] WebSocket connection to 'ws://localhost:1420/' failed: Error in connection establishment: net::ERR_CONNECTION_REFUSED @ http://localhost:1420/@vite/client:1034
[ 4099105ms] [ERROR] WebSocket connection to 'ws://localhost:1420/' failed: Error in connection establishment: net::ERR_CONNECTION_REFUSED @ http://localhost:1420/@vite/client:1034
[ 4103603ms] [ERROR] WebSocket connection to 'ws://localhost:1420/' failed: Error in connection establishment: net::ERR_CONNECTION_REFUSED @ http://localhost:1420/@vite/client:1034
[ 4108399ms] [ERROR] WebSocket connection to 'ws://localhost:1420/' failed: Error in connection establishment: net::ERR_CONNECTION_REFUSED @ http://localhost:1420/@vite/client:1034
[ 4113572ms] [ERROR] WebSocket connection to 'ws://localhost:1420/' failed: Error in connection establishment: net::ERR_CONNECTION_REFUSED @ http://localhost:1420/@vite/client:1034
[ 4117223ms] [ERROR] WebSocket connection to 'ws://localhost:1420/' failed: Error in connection establishment: net::ERR_CONNECTION_REFUSED @ http://localhost:1420/@vite/client:1034
[ 4120293ms] [ERROR] WebSocket connection to 'ws://localhost:1420/' failed: Error in connection establishment: net::ERR_CONNECTION_REFUSED @ http://localhost:1420/@vite/client:1034
[ 4123538ms] [ERROR] WebSocket connection to 'ws://localhost:1420/' failed: Error in connection establishment: net::ERR_CONNECTION_REFUSED @ http://localhost:1420/@vite/client:1034
[ 4126483ms] [ERROR] WebSocket connection to 'ws://localhost:1420/' failed: Error in connection establishment: net::ERR_CONNECTION_REFUSED @ http://localhost:1420/@vite/client:1034
[ 4129951ms] [ERROR] WebSocket connection to 'ws://localhost:1420/' failed: Error in connection establishment: net::ERR_CONNECTION_REFUSED @ http://localhost:1420/@vite/client:1034
[ 4135814ms] [ERROR] WebSocket connection to 'ws://localhost:1420/' failed: Error in connection establishment: net::ERR_CONNECTION_REFUSED @ http://localhost:1420/@vite/client:1034
[ 4138819ms] [ERROR] WebSocket connection to 'ws://localhost:1420/' failed: Error in connection establishment: net::ERR_CONNECTION_REFUSED @ http://localhost:1420/@vite/client:1034
[ 4141870ms] [ERROR] WebSocket connection to 'ws://localhost:1420/' failed: Error in connection establishment: net::ERR_CONNECTION_REFUSED @ http://localhost:1420/@vite/client:1034
[ 4147734ms] [ERROR] WebSocket connection to 'ws://localhost:1420/' failed: Error in connection establishment: net::ERR_CONNECTION_REFUSED @ http://localhost:1420/@vite/client:1034
[ 4151676ms] [ERROR] WebSocket connection to 'ws://localhost:1420/' failed: Error in connection establishment: net::ERR_CONNECTION_REFUSED @ http://localhost:1420/@vite/client:1034
[ 4156652ms] [ERROR] WebSocket connection to 'ws://localhost:1420/' failed: Error in connection establishment: net::ERR_CONNECTION_REFUSED @ http://localhost:1420/@vite/client:1034
[ 4162266ms] [ERROR] WebSocket connection to 'ws://localhost:1420/' failed: Error in connection establishment: net::ERR_CONNECTION_REFUSED @ http://localhost:1420/@vite/client:1034
[ 4167760ms] [ERROR] WebSocket connection to 'ws://localhost:1420/' failed: Error in connection establishment: net::ERR_CONNECTION_REFUSED @ http://localhost:1420/@vite/client:1034
[ 4171387ms] [ERROR] WebSocket connection to 'ws://localhost:1420/' failed: Error in connection establishment: net::ERR_CONNECTION_REFUSED @ http://localhost:1420/@vite/client:1034
[ 4172390ms] [ERROR] WebSocket connection to 'ws://localhost:1420/' failed: Error in connection establishment: net::ERR_CONNECTION_REFUSED @ http://localhost:1420/@vite/client:1034
[ 4173392ms] [ERROR] WebSocket connection to 'ws://localhost:1420/' failed: Error in connection establishment: net::ERR_CONNECTION_REFUSED @ http://localhost:1420/@vite/client:1034
[ 4174395ms] [ERROR] WebSocket connection to 'ws://localhost:1420/' failed: Error in connection establishment: net::ERR_CONNECTION_REFUSED @ http://localhost:1420/@vite/client:1034
[ 4175397ms] [ERROR] WebSocket connection to 'ws://localhost:1420/' failed: Error in connection establishment: net::ERR_CONNECTION_REFUSED @ http://localhost:1420/@vite/client:1034
[ 4176400ms] [ERROR] WebSocket connection to 'ws://localhost:1420/' failed: Error in connection establishment: net::ERR_CONNECTION_REFUSED @ http://localhost:1420/@vite/client:1034
[ 4177408ms] [ERROR] WebSocket connection to 'ws://localhost:1420/' failed: Error in connection establishment: net::ERR_CONNECTION_REFUSED @ http://localhost:1420/@vite/client:1034
[ 4178421ms] [ERROR] WebSocket connection to 'ws://localhost:1420/' failed: Error in connection establishment: net::ERR_CONNECTION_REFUSED @ http://localhost:1420/@vite/client:1034
[ 4179438ms] [ERROR] WebSocket connection to 'ws://localhost:1420/' failed: Error in connection establishment: net::ERR_CONNECTION_REFUSED @ http://localhost:1420/@vite/client:1034
[ 4180457ms] [ERROR] WebSocket connection to 'ws://localhost:1420/' failed: Error in connection establishment: net::ERR_CONNECTION_REFUSED @ http://localhost:1420/@vite/client:1034
[ 4181494ms] [ERROR] WebSocket connection to 'ws://localhost:1420/' failed: Error in connection establishment: net::ERR_CONNECTION_REFUSED @ http://localhost:1420/@vite/client:1034
[ 4182566ms] [ERROR] WebSocket connection to 'ws://localhost:1420/' failed: Error in connection establishment: net::ERR_CONNECTION_REFUSED @ http://localhost:1420/@vite/client:1034
[ 4183637ms] [ERROR] WebSocket connection to 'ws://localhost:1420/' failed: Error in connection establishment: net::ERR_CONNECTION_REFUSED @ http://localhost:1420/@vite/client:1034
[ 4184826ms] [ERROR] WebSocket connection to 'ws://localhost:1420/' failed: Error in connection establishment: net::ERR_CONNECTION_REFUSED @ http://localhost:1420/@vite/client:1034
[ 4186314ms] [ERROR] WebSocket connection to 'ws://localhost:1420/' failed: Error in connection establishment: net::ERR_CONNECTION_REFUSED @ http://localhost:1420/@vite/client:1034
[ 4188084ms] [ERROR] WebSocket connection to 'ws://localhost:1420/' failed: Error in connection establishment: net::ERR_CONNECTION_REFUSED @ http://localhost:1420/@vite/client:1034
[ 4192928ms] [ERROR] WebSocket connection to 'ws://localhost:1420/' failed: Error in connection establishment: net::ERR_CONNECTION_REFUSED @ http://localhost:1420/@vite/client:1034
[ 4197244ms] [ERROR] WebSocket connection to 'ws://localhost:1420/' failed: Error in connection establishment: net::ERR_CONNECTION_REFUSED @ http://localhost:1420/@vite/client:1034
[ 4201388ms] [ERROR] WebSocket connection to 'ws://localhost:1420/' failed: Error in connection establishment: net::ERR_CONNECTION_REFUSED @ http://localhost:1420/@vite/client:1034
[ 4206390ms] [ERROR] WebSocket connection to 'ws://localhost:1420/' failed: Error in connection establishment: net::ERR_CONNECTION_REFUSED @ http://localhost:1420/@vite/client:1034
[ 4208892ms] [ERROR] WebSocket connection to 'ws://localhost:1420/' failed: Error in connection establishment: net::ERR_CONNECTION_REFUSED @ http://localhost:1420/@vite/client:1034
[ 4213472ms] [ERROR] WebSocket connection to 'ws://localhost:1420/' failed: Error in connection establishment: net::ERR_CONNECTION_REFUSED @ http://localhost:1420/@vite/client:1034
[ 4216740ms] [ERROR] WebSocket connection to 'ws://localhost:1420/' failed: Error in connection establishment: net::ERR_CONNECTION_REFUSED @ http://localhost:1420/@vite/client:1034
[ 4221909ms] [ERROR] WebSocket connection to 'ws://localhost:1420/' failed: Error in connection establishment: net::ERR_CONNECTION_REFUSED @ http://localhost:1420/@vite/client:1034
[ 4225586ms] [ERROR] WebSocket connection to 'ws://localhost:1420/' failed: Error in connection establishment: net::ERR_CONNECTION_REFUSED @ http://localhost:1420/@vite/client:1034
[ 4230045ms] [ERROR] WebSocket connection to 'ws://localhost:1420/' failed: Error in connection establishment: net::ERR_CONNECTION_REFUSED @ http://localhost:1420/@vite/client:1034
[ 4234454ms] [ERROR] WebSocket connection to 'ws://localhost:1420/' failed: Error in connection establishment: net::ERR_CONNECTION_REFUSED @ http://localhost:1420/@vite/client:1034
[ 4238722ms] [ERROR] WebSocket connection to 'ws://localhost:1420/' failed: Error in connection establishment: net::ERR_CONNECTION_REFUSED @ http://localhost:1420/@vite/client:1034
[ 4240938ms] [ERROR] WebSocket connection to 'ws://localhost:1420/' failed: Error in connection establishment: net::ERR_CONNECTION_REFUSED @ http://localhost:1420/@vite/client:1034
[ 4243838ms] [ERROR] WebSocket connection to 'ws://localhost:1420/' failed: Error in connection establishment: net::ERR_CONNECTION_REFUSED @ http://localhost:1420/@vite/client:1034
[ 4249331ms] [ERROR] WebSocket connection to 'ws://localhost:1420/' failed: Error in connection establishment: net::ERR_CONNECTION_REFUSED @ http://localhost:1420/@vite/client:1034
[ 4254837ms] [ERROR] WebSocket connection to 'ws://localhost:1420/' failed: Error in connection establishment: net::ERR_CONNECTION_REFUSED @ http://localhost:1420/@vite/client:1034
[ 4258085ms] [ERROR] WebSocket connection to 'ws://localhost:1420/' failed: Error in connection establishment: net::ERR_CONNECTION_REFUSED @ http://localhost:1420/@vite/client:1034
[ 4260604ms] [ERROR] WebSocket connection to 'ws://localhost:1420/' failed: Error in connection establishment: net::ERR_CONNECTION_REFUSED @ http://localhost:1420/@vite/client:1034
[ 4264665ms] [ERROR] WebSocket connection to 'ws://localhost:1420/' failed: Error in connection establishment: net::ERR_CONNECTION_REFUSED @ http://localhost:1420/@vite/client:1034
[ 4266745ms] [ERROR] WebSocket connection to 'ws://localhost:1420/' failed: Error in connection establishment: net::ERR_CONNECTION_REFUSED @ http://localhost:1420/@vite/client:1034
[ 4269653ms] [ERROR] WebSocket connection to 'ws://localhost:1420/' failed: Error in connection establishment: net::ERR_CONNECTION_REFUSED @ http://localhost:1420/@vite/client:1034
[ 4273988ms] [ERROR] WebSocket connection to 'ws://localhost:1420/' failed: Error in connection establishment: net::ERR_CONNECTION_REFUSED @ http://localhost:1420/@vite/client:1034
[ 4278298ms] [ERROR] WebSocket connection to 'ws://localhost:1420/' failed: Error in connection establishment: net::ERR_CONNECTION_REFUSED @ http://localhost:1420/@vite/client:1034
[ 4281178ms] [ERROR] WebSocket connection to 'ws://localhost:1420/' failed: Error in connection establishment: net::ERR_CONNECTION_REFUSED @ http://localhost:1420/@vite/client:1034
[ 4287170ms] [ERROR] WebSocket connection to 'ws://localhost:1420/' failed: Error in connection establishment: net::ERR_CONNECTION_REFUSED @ http://localhost:1420/@vite/client:1034
[ 4289628ms] [ERROR] WebSocket connection to 'ws://localhost:1420/' failed: Error in connection establishment: net::ERR_CONNECTION_REFUSED @ http://localhost:1420/@vite/client:1034
[ 4292061ms] [ERROR] WebSocket connection to 'ws://localhost:1420/' failed: Error in connection establishment: net::ERR_CONNECTION_REFUSED @ http://localhost:1420/@vite/client:1034
[ 4293063ms] [ERROR] WebSocket connection to 'ws://localhost:1420/' failed: Error in connection establishment: net::ERR_CONNECTION_REFUSED @ http://localhost:1420/@vite/client:1034
[ 4294064ms] [ERROR] WebSocket connection to 'ws://localhost:1420/' failed: Error in connection establishment: net::ERR_CONNECTION_REFUSED @ http://localhost:1420/@vite/client:1034
[ 4295067ms] [ERROR] WebSocket connection to 'ws://localhost:1420/' failed: Error in connection establishment: net::ERR_CONNECTION_REFUSED @ http://localhost:1420/@vite/client:1034
[ 4296070ms] [ERROR] WebSocket connection to 'ws://localhost:1420/' failed: Error in connection establishment: net::ERR_CONNECTION_REFUSED @ http://localhost:1420/@vite/client:1034
[ 4297073ms] [ERROR] WebSocket connection to 'ws://localhost:1420/' failed: Error in connection establishment: net::ERR_CONNECTION_REFUSED @ http://localhost:1420/@vite/client:1034
[ 4298077ms] [ERROR] WebSocket connection to 'ws://localhost:1420/' failed: Error in connection establishment: net::ERR_CONNECTION_REFUSED @ http://localhost:1420/@vite/client:1034
[ 4299086ms] [ERROR] WebSocket connection to 'ws://localhost:1420/' failed: Error in connection establishment: net::ERR_CONNECTION_REFUSED @ http://localhost:1420/@vite/client:1034
[ 4300104ms] [ERROR] WebSocket connection to 'ws://localhost:1420/' failed: Error in connection establishment: net::ERR_CONNECTION_REFUSED @ http://localhost:1420/@vite/client:1034
[ 4301119ms] [ERROR] WebSocket connection to 'ws://localhost:1420/' failed: Error in connection establishment: net::ERR_CONNECTION_REFUSED @ http://localhost:1420/@vite/client:1034
[ 4302178ms] [ERROR] WebSocket connection to 'ws://localhost:1420/' failed: Error in connection establishment: net::ERR_CONNECTION_REFUSED @ http://localhost:1420/@vite/client:1034
[ 4303239ms] [ERROR] WebSocket connection to 'ws://localhost:1420/' failed: Error in connection establishment: net::ERR_CONNECTION_REFUSED @ http://localhost:1420/@vite/client:1034
[ 4304384ms] [ERROR] WebSocket connection to 'ws://localhost:1420/' failed: Error in connection establishment: net::ERR_CONNECTION_REFUSED @ http://localhost:1420/@vite/client:1034
[ 4305588ms] [ERROR] WebSocket connection to 'ws://localhost:1420/' failed: Error in connection establishment: net::ERR_CONNECTION_REFUSED @ http://localhost:1420/@vite/client:1034
[ 4306991ms] [ERROR] WebSocket connection to 'ws://localhost:1420/' failed: Error in connection establishment: net::ERR_CONNECTION_REFUSED @ http://localhost:1420/@vite/client:1034
[ 4308804ms] [ERROR] WebSocket connection to 'ws://localhost:1420/' failed: Error in connection establishment: net::ERR_CONNECTION_REFUSED @ http://localhost:1420/@vite/client:1034
[ 4311941ms] [ERROR] WebSocket connection to 'ws://localhost:1420/' failed: Error in connection establishment: net::ERR_CONNECTION_REFUSED @ http://localhost:1420/@vite/client:1034
[ 4314081ms] [ERROR] WebSocket connection to 'ws://localhost:1420/' failed: Error in connection establishment: net::ERR_CONNECTION_REFUSED @ http://localhost:1420/@vite/client:1034
[ 4318858ms] [ERROR] WebSocket connection to 'ws://localhost:1420/' failed: Error in connection establishment: net::ERR_CONNECTION_REFUSED @ http://localhost:1420/@vite/client:1034
[ 4323581ms] [ERROR] WebSocket connection to 'ws://localhost:1420/' failed: Error in connection establishment: net::ERR_CONNECTION_REFUSED @ http://localhost:1420/@vite/client:1034
[ 4329125ms] [ERROR] WebSocket connection to 'ws://localhost:1420/' failed: Error in connection establishment: net::ERR_CONNECTION_REFUSED @ http://localhost:1420/@vite/client:1034
[ 4331176ms] [ERROR] WebSocket connection to 'ws://localhost:1420/' failed: Error in connection establishment: net::ERR_CONNECTION_REFUSED @ http://localhost:1420/@vite/client:1034
[ 4333745ms] [ERROR] WebSocket connection to 'ws://localhost:1420/' failed: Error in connection establishment: net::ERR_CONNECTION_REFUSED @ http://localhost:1420/@vite/client:1034
[ 4337751ms] [ERROR] WebSocket connection to 'ws://localhost:1420/' failed: Error in connection establishment: net::ERR_CONNECTION_REFUSED @ http://localhost:1420/@vite/client:1034
[ 4340023ms] [ERROR] WebSocket connection to 'ws://localhost:1420/' failed: Error in connection establishment: net::ERR_CONNECTION_REFUSED @ http://localhost:1420/@vite/client:1034
[ 4345184ms] [ERROR] WebSocket connection to 'ws://localhost:1420/' failed: Error in connection establishment: net::ERR_CONNECTION_REFUSED @ http://localhost:1420/@vite/client:1034
[ 4347257ms] [ERROR] WebSocket connection to 'ws://localhost:1420/' failed: Error in connection establishment: net::ERR_CONNECTION_REFUSED @ http://localhost:1420/@vite/client:1034
[ 4352545ms] [ERROR] WebSocket connection to 'ws://localhost:1420/' failed: Error in connection establishment: net::ERR_CONNECTION_REFUSED @ http://localhost:1420/@vite/client:1034
[ 4356597ms] [ERROR] WebSocket connection to 'ws://localhost:1420/' failed: Error in connection establishment: net::ERR_CONNECTION_REFUSED @ http://localhost:1420/@vite/client:1034
[ 4359995ms] [ERROR] WebSocket connection to 'ws://localhost:1420/' failed: Error in connection establishment: net::ERR_CONNECTION_REFUSED @ http://localhost:1420/@vite/client:1034
[ 4363240ms] [ERROR] WebSocket connection to 'ws://localhost:1420/' failed: Error in connection establishment: net::ERR_CONNECTION_REFUSED @ http://localhost:1420/@vite/client:1034
[ 4365435ms] [ERROR] WebSocket connection to 'ws://localhost:1420/' failed: Error in connection establishment: net::ERR_CONNECTION_REFUSED @ http://localhost:1420/@vite/client:1034
[ 4368125ms] [ERROR] WebSocket connection to 'ws://localhost:1420/' failed: Error in connection establishment: net::ERR_CONNECTION_REFUSED @ http://localhost:1420/@vite/client:1034
[ 4372648ms] [ERROR] WebSocket connection to 'ws://localhost:1420/' failed: Error in connection establishment: net::ERR_CONNECTION_REFUSED @ http://localhost:1420/@vite/client:1034
[ 4377682ms] [ERROR] WebSocket connection to 'ws://localhost:1420/' failed: Error in connection establishment: net::ERR_CONNECTION_REFUSED @ http://localhost:1420/@vite/client:1034
[ 4381917ms] [ERROR] WebSocket connection to 'ws://localhost:1420/' failed: Error in connection establishment: net::ERR_CONNECTION_REFUSED @ http://localhost:1420/@vite/client:1034
[ 4385153ms] [ERROR] WebSocket connection to 'ws://localhost:1420/' failed: Error in connection establishment: net::ERR_CONNECTION_REFUSED @ http://localhost:1420/@vite/client:1034
[ 4389223ms] [ERROR] WebSocket connection to 'ws://localhost:1420/' failed: Error in connection establishment: net::ERR_CONNECTION_REFUSED @ http://localhost:1420/@vite/client:1034
[ 4392431ms] [ERROR] WebSocket connection to 'ws://localhost:1420/' failed: Error in connection establishment: net::ERR_CONNECTION_REFUSED @ http://localhost:1420/@vite/client:1034
[ 4395184ms] [ERROR] WebSocket connection to 'ws://localhost:1420/' failed: Error in connection establishment: net::ERR_CONNECTION_REFUSED @ http://localhost:1420/@vite/client:1034
[ 4398041ms] [ERROR] WebSocket connection to 'ws://localhost:1420/' failed: Error in connection establishment: net::ERR_CONNECTION_REFUSED @ http://localhost:1420/@vite/client:1034
[ 4401012ms] [ERROR] WebSocket connection to 'ws://localhost:1420/' failed: Error in connection establishment: net::ERR_CONNECTION_REFUSED @ http://localhost:1420/@vite/client:1034
[ 4403093ms] [ERROR] WebSocket connection to 'ws://localhost:1420/' failed: Error in connection establishment: net::ERR_CONNECTION_REFUSED @ http://localhost:1420/@vite/client:1034
[ 4405373ms] [ERROR] WebSocket connection to 'ws://localhost:1420/' failed: Error in connection establishment: net::ERR_CONNECTION_REFUSED @ http://localhost:1420/@vite/client:1034
[ 4408796ms] [ERROR] WebSocket connection to 'ws://localhost:1420/' failed: Error in connection establishment: net::ERR_CONNECTION_REFUSED @ http://localhost:1420/@vite/client:1034
[ 4413415ms] [ERROR] WebSocket connection to 'ws://localhost:1420/' failed: Error in connection establishment: net::ERR_CONNECTION_REFUSED @ http://localhost:1420/@vite/client:1034
[ 4415668ms] [ERROR] WebSocket connection to 'ws://localhost:1420/' failed: Error in connection establishment: net::ERR_CONNECTION_REFUSED @ http://localhost:1420/@vite/client:1034
[ 4419451ms] [ERROR] WebSocket connection to 'ws://localhost:1420/' failed: Error in connection establishment: net::ERR_CONNECTION_REFUSED @ http://localhost:1420/@vite/client:1034
[ 4424440ms] [ERROR] WebSocket connection to 'ws://localhost:1420/' failed: Error in connection establishment: net::ERR_CONNECTION_REFUSED @ http://localhost:1420/@vite/client:1034
[ 4427977ms] [ERROR] WebSocket connection to 'ws://localhost:1420/' failed: Error in connection establishment: net::ERR_CONNECTION_REFUSED @ http://localhost:1420/@vite/client:1034
[ 4432272ms] [ERROR] WebSocket connection to 'ws://localhost:1420/' failed: Error in connection establishment: net::ERR_CONNECTION_REFUSED @ http://localhost:1420/@vite/client:1034
[ 4436212ms] [ERROR] WebSocket connection to 'ws://localhost:1420/' failed: Error in connection establishment: net::ERR_CONNECTION_REFUSED @ http://localhost:1420/@vite/client:1034
[ 4440474ms] [ERROR] WebSocket connection to 'ws://localhost:1420/' failed: Error in connection establishment: net::ERR_CONNECTION_REFUSED @ http://localhost:1420/@vite/client:1034
[ 4446362ms] [ERROR] WebSocket connection to 'ws://localhost:1420/' failed: Error in connection establishment: net::ERR_CONNECTION_REFUSED @ http://localhost:1420/@vite/client:1034
[ 4451239ms] [ERROR] WebSocket connection to 'ws://localhost:1420/' failed: Error in connection establishment: net::ERR_CONNECTION_REFUSED @ http://localhost:1420/@vite/client:1034
[ 4454314ms] [ERROR] WebSocket connection to 'ws://localhost:1420/' failed: Error in connection establishment: net::ERR_CONNECTION_REFUSED @ http://localhost:1420/@vite/client:1034
[ 4457398ms] [ERROR] WebSocket connection to 'ws://localhost:1420/' failed: Error in connection establishment: net::ERR_CONNECTION_REFUSED @ http://localhost:1420/@vite/client:1034
[ 4461630ms] [ERROR] WebSocket connection to 'ws://localhost:1420/' failed: Error in connection establishment: net::ERR_CONNECTION_REFUSED @ http://localhost:1420/@vite/client:1034
[ 4463904ms] [ERROR] WebSocket connection to 'ws://localhost:1420/' failed: Error in connection establishment: net::ERR_CONNECTION_REFUSED @ http://localhost:1420/@vite/client:1034
[ 4469762ms] [ERROR] WebSocket connection to 'ws://localhost:1420/' failed: Error in connection establishment: net::ERR_CONNECTION_REFUSED @ http://localhost:1420/@vite/client:1034
[ 4472968ms] [ERROR] WebSocket connection to 'ws://localhost:1420/' failed: Error in connection establishment: net::ERR_CONNECTION_REFUSED @ http://localhost:1420/@vite/client:1034
[ 4478386ms] [ERROR] WebSocket connection to 'ws://localhost:1420/' failed: Error in connection establishment: net::ERR_CONNECTION_REFUSED @ http://localhost:1420/@vite/client:1034
[ 4481734ms] [ERROR] WebSocket connection to 'ws://localhost:1420/' failed: Error in connection establishment: net::ERR_CONNECTION_REFUSED @ http://localhost:1420/@vite/client:1034
[ 4485361ms] [ERROR] WebSocket connection to 'ws://localhost:1420/' failed: Error in connection establishment: net::ERR_CONNECTION_REFUSED @ http://localhost:1420/@vite/client:1034
[ 4489906ms] [ERROR] WebSocket connection to 'ws://localhost:1420/' failed: Error in connection establishment: net::ERR_CONNECTION_REFUSED @ http://localhost:1420/@vite/client:1034
[ 4494007ms] [ERROR] WebSocket connection to 'ws://localhost:1420/' failed: Error in connection establishment: net::ERR_CONNECTION_REFUSED @ http://localhost:1420/@vite/client:1034
[ 4499997ms] [ERROR] WebSocket connection to 'ws://localhost:1420/' failed: Error in connection establishment: net::ERR_CONNECTION_REFUSED @ http://localhost:1420/@vite/client:1034
[ 4503021ms] [ERROR] WebSocket connection to 'ws://localhost:1420/' failed: Error in connection establishment: net::ERR_CONNECTION_REFUSED @ http://localhost:1420/@vite/client:1034
[ 4505040ms] [ERROR] WebSocket connection to 'ws://localhost:1420/' failed: Error in connection establishment: net::ERR_CONNECTION_REFUSED @ http://localhost:1420/@vite/client:1034
[ 4507524ms] [ERROR] WebSocket connection to 'ws://localhost:1420/' failed: Error in connection establishment: net::ERR_CONNECTION_REFUSED @ http://localhost:1420/@vite/client:1034
[ 4510801ms] [ERROR] WebSocket connection to 'ws://localhost:1420/' failed: Error in connection establishment: net::ERR_CONNECTION_REFUSED @ http://localhost:1420/@vite/client:1034
[ 4514021ms] [ERROR] WebSocket connection to 'ws://localhost:1420/' failed: Error in connection establishment: net::ERR_CONNECTION_REFUSED @ http://localhost:1420/@vite/client:1034
[ 4518096ms] [ERROR] WebSocket connection to 'ws://localhost:1420/' failed: Error in connection establishment: net::ERR_CONNECTION_REFUSED @ http://localhost:1420/@vite/client:1034
[ 4522466ms] [ERROR] WebSocket connection to 'ws://localhost:1420/' failed: Error in connection establishment: net::ERR_CONNECTION_REFUSED @ http://localhost:1420/@vite/client:1034
[ 4524741ms] [ERROR] WebSocket connection to 'ws://localhost:1420/' failed: Error in connection establishment: net::ERR_CONNECTION_REFUSED @ http://localhost:1420/@vite/client:1034
[ 4529389ms] [ERROR] WebSocket connection to 'ws://localhost:1420/' failed: Error in connection establishment: net::ERR_CONNECTION_REFUSED @ http://localhost:1420/@vite/client:1034
[ 4532363ms] [ERROR] WebSocket connection to 'ws://localhost:1420/' failed: Error in connection establishment: net::ERR_CONNECTION_REFUSED @ http://localhost:1420/@vite/client:1034
[ 4533364ms] [ERROR] WebSocket connection to 'ws://localhost:1420/' failed: Error in connection establishment: net::ERR_CONNECTION_REFUSED @ http://localhost:1420/@vite/client:1034
[ 4534367ms] [ERROR] WebSocket connection to 'ws://localhost:1420/' failed: Error in connection establishment: net::ERR_CONNECTION_REFUSED @ http://localhost:1420/@vite/client:1034
[ 4535369ms] [ERROR] WebSocket connection to 'ws://localhost:1420/' failed: Error in connection establishment: net::ERR_CONNECTION_REFUSED @ http://localhost:1420/@vite/client:1034
[ 4536370ms] [ERROR] WebSocket connection to 'ws://localhost:1420/' failed: Error in connection establishment: net::ERR_CONNECTION_REFUSED @ http://localhost:1420/@vite/client:1034
[ 4537372ms] [ERROR] WebSocket connection to 'ws://localhost:1420/' failed: Error in connection establishment: net::ERR_CONNECTION_REFUSED @ http://localhost:1420/@vite/client:1034
[ 4538378ms] [ERROR] WebSocket connection to 'ws://localhost:1420/' failed: Error in connection establishment: net::ERR_CONNECTION_REFUSED @ http://localhost:1420/@vite/client:1034
[ 4539385ms] [ERROR] WebSocket connection to 'ws://localhost:1420/' failed: Error in connection establishment: net::ERR_CONNECTION_REFUSED @ http://localhost:1420/@vite/client:1034
[ 4540394ms] [ERROR] WebSocket connection to 'ws://localhost:1420/' failed: Error in connection establishment: net::ERR_CONNECTION_REFUSED @ http://localhost:1420/@vite/client:1034
[ 4541431ms] [ERROR] WebSocket connection to 'ws://localhost:1420/' failed: Error in connection establishment: net::ERR_CONNECTION_REFUSED @ http://localhost:1420/@vite/client:1034
[ 4542457ms] [ERROR] WebSocket connection to 'ws://localhost:1420/' failed: Error in connection establishment: net::ERR_CONNECTION_REFUSED @ http://localhost:1420/@vite/client:1034
[ 4543589ms] [ERROR] WebSocket connection to 'ws://localhost:1420/' failed: Error in connection establishment: net::ERR_CONNECTION_REFUSED @ http://localhost:1420/@vite/client:1034
[ 4544831ms] [ERROR] WebSocket connection to 'ws://localhost:1420/' failed: Error in connection establishment: net::ERR_CONNECTION_REFUSED @ http://localhost:1420/@vite/client:1034
[ 4545972ms] [ERROR] WebSocket connection to 'ws://localhost:1420/' failed: Error in connection establishment: net::ERR_CONNECTION_REFUSED @ http://localhost:1420/@vite/client:1034
[ 4547546ms] [ERROR] WebSocket connection to 'ws://localhost:1420/' failed: Error in connection establishment: net::ERR_CONNECTION_REFUSED @ http://localhost:1420/@vite/client:1034
[ 4549506ms] [ERROR] WebSocket connection to 'ws://localhost:1420/' failed: Error in connection establishment: net::ERR_CONNECTION_REFUSED @ http://localhost:1420/@vite/client:1034
[ 4554656ms] [ERROR] WebSocket connection to 'ws://localhost:1420/' failed: Error in connection establishment: net::ERR_CONNECTION_REFUSED @ http://localhost:1420/@vite/client:1034
[ 4557056ms] [ERROR] WebSocket connection to 'ws://localhost:1420/' failed: Error in connection establishment: net::ERR_CONNECTION_REFUSED @ http://localhost:1420/@vite/client:1034
[ 4563056ms] [ERROR] WebSocket connection to 'ws://localhost:1420/' failed: Error in connection establishment: net::ERR_CONNECTION_REFUSED @ http://localhost:1420/@vite/client:1034
[ 4565132ms] [ERROR] WebSocket connection to 'ws://localhost:1420/' failed: Error in connection establishment: net::ERR_CONNECTION_REFUSED @ http://localhost:1420/@vite/client:1034
[ 4569713ms] [ERROR] WebSocket connection to 'ws://localhost:1420/' failed: Error in connection establishment: net::ERR_CONNECTION_REFUSED @ http://localhost:1420/@vite/client:1034
[ 4572421ms] [ERROR] WebSocket connection to 'ws://localhost:1420/' failed: Error in connection establishment: net::ERR_CONNECTION_REFUSED @ http://localhost:1420/@vite/client:1034
[ 4575079ms] [ERROR] WebSocket connection to 'ws://localhost:1420/' failed: Error in connection establishment: net::ERR_CONNECTION_REFUSED @ http://localhost:1420/@vite/client:1034
[ 4579930ms] [ERROR] WebSocket connection to 'ws://localhost:1420/' failed: Error in connection establishment: net::ERR_CONNECTION_REFUSED @ http://localhost:1420/@vite/client:1034
[ 4583629ms] [ERROR] WebSocket connection to 'ws://localhost:1420/' failed: Error in connection establishment: net::ERR_CONNECTION_REFUSED @ http://localhost:1420/@vite/client:1034
[ 4587837ms] [ERROR] WebSocket connection to 'ws://localhost:1420/' failed: Error in connection establishment: net::ERR_CONNECTION_REFUSED @ http://localhost:1420/@vite/client:1034
[ 4590960ms] [ERROR] WebSocket connection to 'ws://localhost:1420/' failed: Error in connection establishment: net::ERR_CONNECTION_REFUSED @ http://localhost:1420/@vite/client:1034
[ 4594308ms] [ERROR] WebSocket connection to 'ws://localhost:1420/' failed: Error in connection establishment: net::ERR_CONNECTION_REFUSED @ http://localhost:1420/@vite/client:1034
[ 4598665ms] [ERROR] WebSocket connection to 'ws://localhost:1420/' failed: Error in connection establishment: net::ERR_CONNECTION_REFUSED @ http://localhost:1420/@vite/client:1034
[ 4602340ms] [ERROR] WebSocket connection to 'ws://localhost:1420/' failed: Error in connection establishment: net::ERR_CONNECTION_REFUSED @ http://localhost:1420/@vite/client:1034
[ 4604615ms] [ERROR] WebSocket connection to 'ws://localhost:1420/' failed: Error in connection establishment: net::ERR_CONNECTION_REFUSED @ http://localhost:1420/@vite/client:1034
[ 4608903ms] [ERROR] WebSocket connection to 'ws://localhost:1420/' failed: Error in connection establishment: net::ERR_CONNECTION_REFUSED @ http://localhost:1420/@vite/client:1034
[ 4613303ms] [ERROR] WebSocket connection to 'ws://localhost:1420/' failed: Error in connection establishment: net::ERR_CONNECTION_REFUSED @ http://localhost:1420/@vite/client:1034
[ 4617015ms] [ERROR] WebSocket connection to 'ws://localhost:1420/' failed: Error in connection establishment: net::ERR_CONNECTION_REFUSED @ http://localhost:1420/@vite/client:1034
[ 4619725ms] [ERROR] WebSocket connection to 'ws://localhost:1420/' failed: Error in connection establishment: net::ERR_CONNECTION_REFUSED @ http://localhost:1420/@vite/client:1034
[ 4624388ms] [ERROR] WebSocket connection to 'ws://localhost:1420/' failed: Error in connection establishment: net::ERR_CONNECTION_REFUSED @ http://localhost:1420/@vite/client:1034
[ 4629821ms] [ERROR] WebSocket connection to 'ws://localhost:1420/' failed: Error in connection establishment: net::ERR_CONNECTION_REFUSED @ http://localhost:1420/@vite/client:1034
[ 4634043ms] [ERROR] WebSocket connection to 'ws://localhost:1420/' failed: Error in connection establishment: net::ERR_CONNECTION_REFUSED @ http://localhost:1420/@vite/client:1034
[ 4639230ms] [ERROR] WebSocket connection to 'ws://localhost:1420/' failed: Error in connection establishment: net::ERR_CONNECTION_REFUSED @ http://localhost:1420/@vite/client:1034
[ 4643007ms] [ERROR] WebSocket connection to 'ws://localhost:1420/' failed: Error in connection establishment: net::ERR_CONNECTION_REFUSED @ http://localhost:1420/@vite/client:1034
[ 4646146ms] [ERROR] WebSocket connection to 'ws://localhost:1420/' failed: Error in connection establishment: net::ERR_CONNECTION_REFUSED @ http://localhost:1420/@vite/client:1034
[ 4650782ms] [ERROR] WebSocket connection to 'ws://localhost:1420/' failed: Error in connection establishment: net::ERR_CONNECTION_REFUSED @ http://localhost:1420/@vite/client:1034
[ 4654272ms] [ERROR] WebSocket connection to 'ws://localhost:1420/' failed: Error in connection establishment: net::ERR_CONNECTION_REFUSED @ http://localhost:1420/@vite/client:1034
[ 4656532ms] [ERROR] WebSocket connection to 'ws://localhost:1420/' failed: Error in connection establishment: net::ERR_CONNECTION_REFUSED @ http://localhost:1420/@vite/client:1034
[ 4659888ms] [ERROR] WebSocket connection to 'ws://localhost:1420/' failed: Error in connection establishment: net::ERR_CONNECTION_REFUSED @ http://localhost:1420/@vite/client:1034
[ 4665100ms] [ERROR] WebSocket connection to 'ws://localhost:1420/' failed: Error in connection establishment: net::ERR_CONNECTION_REFUSED @ http://localhost:1420/@vite/client:1034
[ 4669080ms] [ERROR] WebSocket connection to 'ws://localhost:1420/' failed: Error in connection establishment: net::ERR_CONNECTION_REFUSED @ http://localhost:1420/@vite/client:1034
[ 4673807ms] [ERROR] WebSocket connection to 'ws://localhost:1420/' failed: Error in connection establishment: net::ERR_CONNECTION_REFUSED @ http://localhost:1420/@vite/client:1034
[ 4679447ms] [ERROR] WebSocket connection to 'ws://localhost:1420/' failed: Error in connection establishment: net::ERR_CONNECTION_REFUSED @ http://localhost:1420/@vite/client:1034
[ 4685059ms] [ERROR] WebSocket connection to 'ws://localhost:1420/' failed: Error in connection establishment: net::ERR_CONNECTION_REFUSED @ http://localhost:1420/@vite/client:1034
[ 4688730ms] [ERROR] WebSocket connection to 'ws://localhost:1420/' failed: Error in connection establishment: net::ERR_CONNECTION_REFUSED @ http://localhost:1420/@vite/client:1034
[ 4691697ms] [ERROR] WebSocket connection to 'ws://localhost:1420/' failed: Error in connection establishment: net::ERR_CONNECTION_REFUSED @ http://localhost:1420/@vite/client:1034
[ 4694440ms] [ERROR] WebSocket connection to 'ws://localhost:1420/' failed: Error in connection establishment: net::ERR_CONNECTION_REFUSED @ http://localhost:1420/@vite/client:1034
[ 4698214ms] [ERROR] WebSocket connection to 'ws://localhost:1420/' failed: Error in connection establishment: net::ERR_CONNECTION_REFUSED @ http://localhost:1420/@vite/client:1034
[ 4703273ms] [ERROR] WebSocket connection to 'ws://localhost:1420/' failed: Error in connection establishment: net::ERR_CONNECTION_REFUSED @ http://localhost:1420/@vite/client:1034
[ 4707225ms] [ERROR] WebSocket connection to 'ws://localhost:1420/' failed: Error in connection establishment: net::ERR_CONNECTION_REFUSED @ http://localhost:1420/@vite/client:1034
[ 4712475ms] [ERROR] WebSocket connection to 'ws://localhost:1420/' failed: Error in connection establishment: net::ERR_CONNECTION_REFUSED @ http://localhost:1420/@vite/client:1034
[ 4714668ms] [ERROR] WebSocket connection to 'ws://localhost:1420/' failed: Error in connection establishment: net::ERR_CONNECTION_REFUSED @ http://localhost:1420/@vite/client:1034
[ 4720168ms] [ERROR] WebSocket connection to 'ws://localhost:1420/' failed: Error in connection establishment: net::ERR_CONNECTION_REFUSED @ http://localhost:1420/@vite/client:1034
[ 4722471ms] [ERROR] WebSocket connection to 'ws://localhost:1420/' failed: Error in connection establishment: net::ERR_CONNECTION_REFUSED @ http://localhost:1420/@vite/client:1034
[ 4727656ms] [ERROR] WebSocket connection to 'ws://localhost:1420/' failed: Error in connection establishment: net::ERR_CONNECTION_REFUSED @ http://localhost:1420/@vite/client:1034
[ 4733515ms] [ERROR] WebSocket connection to 'ws://localhost:1420/' failed: Error in connection establishment: net::ERR_CONNECTION_REFUSED @ http://localhost:1420/@vite/client:1034
[ 4738982ms] [ERROR] WebSocket connection to 'ws://localhost:1420/' failed: Error in connection establishment: net::ERR_CONNECTION_REFUSED @ http://localhost:1420/@vite/client:1034
[ 4744779ms] [ERROR] WebSocket connection to 'ws://localhost:1420/' failed: Error in connection establishment: net::ERR_CONNECTION_REFUSED @ http://localhost:1420/@vite/client:1034
[ 4750098ms] [ERROR] WebSocket connection to 'ws://localhost:1420/' failed: Error in connection establishment: net::ERR_CONNECTION_REFUSED @ http://localhost:1420/@vite/client:1034
[ 4754732ms] [ERROR] WebSocket connection to 'ws://localhost:1420/' failed: Error in connection establishment: net::ERR_CONNECTION_REFUSED @ http://localhost:1420/@vite/client:1034
[ 4759232ms] [ERROR] WebSocket connection to 'ws://localhost:1420/' failed: Error in connection establishment: net::ERR_CONNECTION_REFUSED @ http://localhost:1420/@vite/client:1034
[ 4763717ms] [ERROR] WebSocket connection to 'ws://localhost:1420/' failed: Error in connection establishment: net::ERR_CONNECTION_REFUSED @ http://localhost:1420/@vite/client:1034
[ 4768472ms] [ERROR] WebSocket connection to 'ws://localhost:1420/' failed: Error in connection establishment: net::ERR_CONNECTION_REFUSED @ http://localhost:1420/@vite/client:1034
[ 4773762ms] [ERROR] WebSocket connection to 'ws://localhost:1420/' failed: Error in connection establishment: net::ERR_CONNECTION_REFUSED @ http://localhost:1420/@vite/client:1034
[ 4775938ms] [ERROR] WebSocket connection to 'ws://localhost:1420/' failed: Error in connection establishment: net::ERR_CONNECTION_REFUSED @ http://localhost:1420/@vite/client:1034
[ 4780947ms] [ERROR] WebSocket connection to 'ws://localhost:1420/' failed: Error in connection establishment: net::ERR_CONNECTION_REFUSED @ http://localhost:1420/@vite/client:1034
[ 4786072ms] [ERROR] WebSocket connection to 'ws://localhost:1420/' failed: Error in connection establishment: net::ERR_CONNECTION_REFUSED @ http://localhost:1420/@vite/client:1034
[ 4790730ms] [ERROR] WebSocket connection to 'ws://localhost:1420/' failed: Error in connection establishment: net::ERR_CONNECTION_REFUSED @ http://localhost:1420/@vite/client:1034
[ 4794809ms] [ERROR] WebSocket connection to 'ws://localhost:1420/' failed: Error in connection establishment: net::ERR_CONNECTION_REFUSED @ http://localhost:1420/@vite/client:1034
[ 4797457ms] [ERROR] WebSocket connection to 'ws://localhost:1420/' failed: Error in connection establishment: net::ERR_CONNECTION_REFUSED @ http://localhost:1420/@vite/client:1034
[ 4802485ms] [ERROR] WebSocket connection to 'ws://localhost:1420/' failed: Error in connection establishment: net::ERR_CONNECTION_REFUSED @ http://localhost:1420/@vite/client:1034
[ 4805391ms] [ERROR] WebSocket connection to 'ws://localhost:1420/' failed: Error in connection establishment: net::ERR_CONNECTION_REFUSED @ http://localhost:1420/@vite/client:1034
[ 4808343ms] [ERROR] WebSocket connection to 'ws://localhost:1420/' failed: Error in connection establishment: net::ERR_CONNECTION_REFUSED @ http://localhost:1420/@vite/client:1034
[ 4812082ms] [ERROR] WebSocket connection to 'ws://localhost:1420/' failed: Error in connection establishment: net::ERR_CONNECTION_REFUSED @ http://localhost:1420/@vite/client:1034
[ 4817902ms] [ERROR] WebSocket connection to 'ws://localhost:1420/' failed: Error in connection establishment: net::ERR_CONNECTION_REFUSED @ http://localhost:1420/@vite/client:1034
[ 4820429ms] [ERROR] WebSocket connection to 'ws://localhost:1420/' failed: Error in connection establishment: net::ERR_CONNECTION_REFUSED @ http://localhost:1420/@vite/client:1034
[ 4824599ms] [ERROR] WebSocket connection to 'ws://localhost:1420/' failed: Error in connection establishment: net::ERR_CONNECTION_REFUSED @ http://localhost:1420/@vite/client:1034
[ 4828355ms] [ERROR] WebSocket connection to 'ws://localhost:1420/' failed: Error in connection establishment: net::ERR_CONNECTION_REFUSED @ http://localhost:1420/@vite/client:1034
[ 4833059ms] [ERROR] WebSocket connection to 'ws://localhost:1420/' failed: Error in connection establishment: net::ERR_CONNECTION_REFUSED @ http://localhost:1420/@vite/client:1034
[ 4837344ms] [ERROR] WebSocket connection to 'ws://localhost:1420/' failed: Error in connection establishment: net::ERR_CONNECTION_REFUSED @ http://localhost:1420/@vite/client:1034
[ 4840814ms] [ERROR] WebSocket connection to 'ws://localhost:1420/' failed: Error in connection establishment: net::ERR_CONNECTION_REFUSED @ http://localhost:1420/@vite/client:1034
[ 4845667ms] [ERROR] WebSocket connection to 'ws://localhost:1420/' failed: Error in connection establishment: net::ERR_CONNECTION_REFUSED @ http://localhost:1420/@vite/client:1034
[ 4847974ms] [ERROR] WebSocket connection to 'ws://localhost:1420/' failed: Error in connection establishment: net::ERR_CONNECTION_REFUSED @ http://localhost:1420/@vite/client:1034
[ 4850174ms] [ERROR] WebSocket connection to 'ws://localhost:1420/' failed: Error in connection establishment: net::ERR_CONNECTION_REFUSED @ http://localhost:1420/@vite/client:1034
[ 4854090ms] [ERROR] WebSocket connection to 'ws://localhost:1420/' failed: Error in connection establishment: net::ERR_CONNECTION_REFUSED @ http://localhost:1420/@vite/client:1034
[ 4858530ms] [ERROR] WebSocket connection to 'ws://localhost:1420/' failed: Error in connection establishment: net::ERR_CONNECTION_REFUSED @ http://localhost:1420/@vite/client:1034
[ 4863264ms] [ERROR] WebSocket connection to 'ws://localhost:1420/' failed: Error in connection establishment: net::ERR_CONNECTION_REFUSED @ http://localhost:1420/@vite/client:1034
[ 4866042ms] [ERROR] WebSocket connection to 'ws://localhost:1420/' failed: Error in connection establishment: net::ERR_CONNECTION_REFUSED @ http://localhost:1420/@vite/client:1034
[ 4869682ms] [ERROR] WebSocket connection to 'ws://localhost:1420/' failed: Error in connection establishment: net::ERR_CONNECTION_REFUSED @ http://localhost:1420/@vite/client:1034
[ 4873018ms] [ERROR] WebSocket connection to 'ws://localhost:1420/' failed: Error in connection establishment: net::ERR_CONNECTION_REFUSED @ http://localhost:1420/@vite/client:1034
[ 4878038ms] [ERROR] WebSocket connection to 'ws://localhost:1420/' failed: Error in connection establishment: net::ERR_CONNECTION_REFUSED @ http://localhost:1420/@vite/client:1034
[ 4881533ms] [ERROR] WebSocket connection to 'ws://localhost:1420/' failed: Error in connection establishment: net::ERR_CONNECTION_REFUSED @ http://localhost:1420/@vite/client:1034
[ 4885831ms] [ERROR] WebSocket connection to 'ws://localhost:1420/' failed: Error in connection establishment: net::ERR_CONNECTION_REFUSED @ http://localhost:1420/@vite/client:1034
[ 4891746ms] [ERROR] WebSocket connection to 'ws://localhost:1420/' failed: Error in connection establishment: net::ERR_CONNECTION_REFUSED @ http://localhost:1420/@vite/client:1034
[ 4894234ms] [ERROR] WebSocket connection to 'ws://localhost:1420/' failed: Error in connection establishment: net::ERR_CONNECTION_REFUSED @ http://localhost:1420/@vite/client:1034
[ 4896397ms] [ERROR] WebSocket connection to 'ws://localhost:1420/' failed: Error in connection establishment: net::ERR_CONNECTION_REFUSED @ http://localhost:1420/@vite/client:1034
[ 4898617ms] [ERROR] WebSocket connection to 'ws://localhost:1420/' failed: Error in connection establishment: net::ERR_CONNECTION_REFUSED @ http://localhost:1420/@vite/client:1034
[ 4901843ms] [ERROR] WebSocket connection to 'ws://localhost:1420/' failed: Error in connection establishment: net::ERR_CONNECTION_REFUSED @ http://localhost:1420/@vite/client:1034
[ 4905933ms] [ERROR] WebSocket connection to 'ws://localhost:1420/' failed: Error in connection establishment: net::ERR_CONNECTION_REFUSED @ http://localhost:1420/@vite/client:1034
[ 4910141ms] [ERROR] WebSocket connection to 'ws://localhost:1420/' failed: Error in connection establishment: net::ERR_CONNECTION_REFUSED @ http://localhost:1420/@vite/client:1034
[ 4916119ms] [ERROR] WebSocket connection to 'ws://localhost:1420/' failed: Error in connection establishment: net::ERR_CONNECTION_REFUSED @ http://localhost:1420/@vite/client:1034
[ 4921359ms] [ERROR] WebSocket connection to 'ws://localhost:1420/' failed: Error in connection establishment: net::ERR_CONNECTION_REFUSED @ http://localhost:1420/@vite/client:1034
[ 4923499ms] [ERROR] WebSocket connection to 'ws://localhost:1420/' failed: Error in connection establishment: net::ERR_CONNECTION_REFUSED @ http://localhost:1420/@vite/client:1034
[ 4928975ms] [ERROR] WebSocket connection to 'ws://localhost:1420/' failed: Error in connection establishment: net::ERR_CONNECTION_REFUSED @ http://localhost:1420/@vite/client:1034
[ 4933002ms] [ERROR] WebSocket connection to 'ws://localhost:1420/' failed: Error in connection establishment: net::ERR_CONNECTION_REFUSED @ http://localhost:1420/@vite/client:1034
[ 4935865ms] [ERROR] WebSocket connection to 'ws://localhost:1420/' failed: Error in connection establishment: net::ERR_CONNECTION_REFUSED @ http://localhost:1420/@vite/client:1034
[ 4940914ms] [ERROR] WebSocket connection to 'ws://localhost:1420/' failed: Error in connection establishment: net::ERR_CONNECTION_REFUSED @ http://localhost:1420/@vite/client:1034
[ 4946785ms] [ERROR] WebSocket connection to 'ws://localhost:1420/' failed: Error in connection establishment: net::ERR_CONNECTION_REFUSED @ http://localhost:1420/@vite/client:1034
[ 4949326ms] [ERROR] WebSocket connection to 'ws://localhost:1420/' failed: Error in connection establishment: net::ERR_CONNECTION_REFUSED @ http://localhost:1420/@vite/client:1034
[ 4951972ms] [ERROR] WebSocket connection to 'ws://localhost:1420/' failed: Error in connection establishment: net::ERR_CONNECTION_REFUSED @ http://localhost:1420/@vite/client:1034
[ 4956733ms] [ERROR] WebSocket connection to 'ws://localhost:1420/' failed: Error in connection establishment: net::ERR_CONNECTION_REFUSED @ http://localhost:1420/@vite/client:1034
[ 4962681ms] [ERROR] WebSocket connection to 'ws://localhost:1420/' failed: Error in connection establishment: net::ERR_CONNECTION_REFUSED @ http://localhost:1420/@vite/client:1034
[ 4966026ms] [ERROR] WebSocket connection to 'ws://localhost:1420/' failed: Error in connection establishment: net::ERR_CONNECTION_REFUSED @ http://localhost:1420/@vite/client:1034
[ 4970631ms] [ERROR] WebSocket connection to 'ws://localhost:1420/' failed: Error in connection establishment: net::ERR_CONNECTION_REFUSED @ http://localhost:1420/@vite/client:1034
[ 4973849ms] [ERROR] WebSocket connection to 'ws://localhost:1420/' failed: Error in connection establishment: net::ERR_CONNECTION_REFUSED @ http://localhost:1420/@vite/client:1034
[ 4977794ms] [ERROR] WebSocket connection to 'ws://localhost:1420/' failed: Error in connection establishment: net::ERR_CONNECTION_REFUSED @ http://localhost:1420/@vite/client:1034
[ 4982982ms] [ERROR] WebSocket connection to 'ws://localhost:1420/' failed: Error in connection establishment: net::ERR_CONNECTION_REFUSED @ http://localhost:1420/@vite/client:1034
[ 4987824ms] [ERROR] WebSocket connection to 'ws://localhost:1420/' failed: Error in connection establishment: net::ERR_CONNECTION_REFUSED @ http://localhost:1420/@vite/client:1034
[ 4990124ms] [ERROR] WebSocket connection to 'ws://localhost:1420/' failed: Error in connection establishment: net::ERR_CONNECTION_REFUSED @ http://localhost:1420/@vite/client:1034
[ 4993209ms] [ERROR] WebSocket connection to 'ws://localhost:1420/' failed: Error in connection establishment: net::ERR_CONNECTION_REFUSED @ http://localhost:1420/@vite/client:1034
[ 4995681ms] [ERROR] WebSocket connection to 'ws://localhost:1420/' failed: Error in connection establishment: net::ERR_CONNECTION_REFUSED @ http://localhost:1420/@vite/client:1034
[ 4998834ms] [ERROR] WebSocket connection to 'ws://localhost:1420/' failed: Error in connection establishment: net::ERR_CONNECTION_REFUSED @ http://localhost:1420/@vite/client:1034
[ 5001497ms] [ERROR] WebSocket connection to 'ws://localhost:1420/' failed: Error in connection establishment: net::ERR_CONNECTION_REFUSED @ http://localhost:1420/@vite/client:1034
[ 5006659ms] [ERROR] WebSocket connection to 'ws://localhost:1420/' failed: Error in connection establishment: net::ERR_CONNECTION_REFUSED @ http://localhost:1420/@vite/client:1034
[ 5010859ms] [ERROR] WebSocket connection to 'ws://localhost:1420/' failed: Error in connection establishment: net::ERR_CONNECTION_REFUSED @ http://localhost:1420/@vite/client:1034
[ 5013774ms] [ERROR] WebSocket connection to 'ws://localhost:1420/' failed: Error in connection establishment: net::ERR_CONNECTION_REFUSED @ http://localhost:1420/@vite/client:1034
[ 5017037ms] [ERROR] WebSocket connection to 'ws://localhost:1420/' failed: Error in connection establishment: net::ERR_CONNECTION_REFUSED @ http://localhost:1420/@vite/client:1034
[ 5019619ms] [ERROR] WebSocket connection to 'ws://localhost:1420/' failed: Error in connection establishment: net::ERR_CONNECTION_REFUSED @ http://localhost:1420/@vite/client:1034
[ 5024878ms] [ERROR] WebSocket connection to 'ws://localhost:1420/' failed: Error in connection establishment: net::ERR_CONNECTION_REFUSED @ http://localhost:1420/@vite/client:1034
[ 5028131ms] [ERROR] WebSocket connection to 'ws://localhost:1420/' failed: Error in connection establishment: net::ERR_CONNECTION_REFUSED @ http://localhost:1420/@vite/client:1034
[ 5033182ms] [ERROR] WebSocket connection to 'ws://localhost:1420/' failed: Error in connection establishment: net::ERR_CONNECTION_REFUSED @ http://localhost:1420/@vite/client:1034
[ 5037759ms] [ERROR] WebSocket connection to 'ws://localhost:1420/' failed: Error in connection establishment: net::ERR_CONNECTION_REFUSED @ http://localhost:1420/@vite/client:1034
[ 5043699ms] [ERROR] WebSocket connection to 'ws://localhost:1420/' failed: Error in connection establishment: net::ERR_CONNECTION_REFUSED @ http://localhost:1420/@vite/client:1034
[ 5046150ms] [ERROR] WebSocket connection to 'ws://localhost:1420/' failed: Error in connection establishment: net::ERR_CONNECTION_REFUSED @ http://localhost:1420/@vite/client:1034
[ 5050016ms] [ERROR] WebSocket connection to 'ws://localhost:1420/' failed: Error in connection establishment: net::ERR_CONNECTION_REFUSED @ http://localhost:1420/@vite/client:1034
[ 5054317ms] [ERROR] WebSocket connection to 'ws://localhost:1420/' failed: Error in connection establishment: net::ERR_CONNECTION_REFUSED @ http://localhost:1420/@vite/client:1034
[ 5056705ms] [ERROR] WebSocket connection to 'ws://localhost:1420/' failed: Error in connection establishment: net::ERR_CONNECTION_REFUSED @ http://localhost:1420/@vite/client:1034
[ 5060366ms] [ERROR] WebSocket connection to 'ws://localhost:1420/' failed: Error in connection establishment: net::ERR_CONNECTION_REFUSED @ http://localhost:1420/@vite/client:1034
[ 5064502ms] [ERROR] WebSocket connection to 'ws://localhost:1420/' failed: Error in connection establishment: net::ERR_CONNECTION_REFUSED @ http://localhost:1420/@vite/client:1034
[ 5066839ms] [ERROR] WebSocket connection to 'ws://localhost:1420/' failed: Error in connection establishment: net::ERR_CONNECTION_REFUSED @ http://localhost:1420/@vite/client:1034
[ 5072180ms] [ERROR] WebSocket connection to 'ws://localhost:1420/' failed: Error in connection establishment: net::ERR_CONNECTION_REFUSED @ http://localhost:1420/@vite/client:1034
[ 5077718ms] [ERROR] WebSocket connection to 'ws://localhost:1420/' failed: Error in connection establishment: net::ERR_CONNECTION_REFUSED @ http://localhost:1420/@vite/client:1034
[ 5083039ms] [ERROR] WebSocket connection to 'ws://localhost:1420/' failed: Error in connection establishment: net::ERR_CONNECTION_REFUSED @ http://localhost:1420/@vite/client:1034
[ 5087059ms] [ERROR] WebSocket connection to 'ws://localhost:1420/' failed: Error in connection establishment: net::ERR_CONNECTION_REFUSED @ http://localhost:1420/@vite/client:1034
[ 5091261ms] [ERROR] WebSocket connection to 'ws://localhost:1420/' failed: Error in connection establishment: net::ERR_CONNECTION_REFUSED @ http://localhost:1420/@vite/client:1034
[ 5093502ms] [ERROR] WebSocket connection to 'ws://localhost:1420/' failed: Error in connection establishment: net::ERR_CONNECTION_REFUSED @ http://localhost:1420/@vite/client:1034
[ 5097103ms] [ERROR] WebSocket connection to 'ws://localhost:1420/' failed: Error in connection establishment: net::ERR_CONNECTION_REFUSED @ http://localhost:1420/@vite/client:1034
[ 5099888ms] [ERROR] WebSocket connection to 'ws://localhost:1420/' failed: Error in connection establishment: net::ERR_CONNECTION_REFUSED @ http://localhost:1420/@vite/client:1034
[ 5102632ms] [ERROR] WebSocket connection to 'ws://localhost:1420/' failed: Error in connection establishment: net::ERR_CONNECTION_REFUSED @ http://localhost:1420/@vite/client:1034
[ 5106922ms] [ERROR] WebSocket connection to 'ws://localhost:1420/' failed: Error in connection establishment: net::ERR_CONNECTION_REFUSED @ http://localhost:1420/@vite/client:1034
[ 5111521ms] [ERROR] WebSocket connection to 'ws://localhost:1420/' failed: Error in connection establishment: net::ERR_CONNECTION_REFUSED @ http://localhost:1420/@vite/client:1034
[ 5116180ms] [ERROR] WebSocket connection to 'ws://localhost:1420/' failed: Error in connection establishment: net::ERR_CONNECTION_REFUSED @ http://localhost:1420/@vite/client:1034
[ 5118281ms] [ERROR] WebSocket connection to 'ws://localhost:1420/' failed: Error in connection establishment: net::ERR_CONNECTION_REFUSED @ http://localhost:1420/@vite/client:1034
[ 5121516ms] [ERROR] WebSocket connection to 'ws://localhost:1420/' failed: Error in connection establishment: net::ERR_CONNECTION_REFUSED @ http://localhost:1420/@vite/client:1034
[ 5123778ms] [ERROR] WebSocket connection to 'ws://localhost:1420/' failed: Error in connection establishment: net::ERR_CONNECTION_REFUSED @ http://localhost:1420/@vite/client:1034
[ 5126732ms] [ERROR] WebSocket connection to 'ws://localhost:1420/' failed: Error in connection establishment: net::ERR_CONNECTION_REFUSED @ http://localhost:1420/@vite/client:1034
[ 5131134ms] [ERROR] WebSocket connection to 'ws://localhost:1420/' failed: Error in connection establishment: net::ERR_CONNECTION_REFUSED @ http://localhost:1420/@vite/client:1034
[ 5135217ms] [ERROR] WebSocket connection to 'ws://localhost:1420/' failed: Error in connection establishment: net::ERR_CONNECTION_REFUSED @ http://localhost:1420/@vite/client:1034
[ 5137476ms] [ERROR] WebSocket connection to 'ws://localhost:1420/' failed: Error in connection establishment: net::ERR_CONNECTION_REFUSED @ http://localhost:1420/@vite/client:1034
[ 5139939ms] [ERROR] WebSocket connection to 'ws://localhost:1420/' failed: Error in connection establishment: net::ERR_CONNECTION_REFUSED @ http://localhost:1420/@vite/client:1034
[ 5142834ms] [ERROR] WebSocket connection to 'ws://localhost:1420/' failed: Error in connection establishment: net::ERR_CONNECTION_REFUSED @ http://localhost:1420/@vite/client:1034
[ 5148713ms] [ERROR] WebSocket connection to 'ws://localhost:1420/' failed: Error in connection establishment: net::ERR_CONNECTION_REFUSED @ http://localhost:1420/@vite/client:1034
[ 5153975ms] [ERROR] WebSocket connection to 'ws://localhost:1420/' failed: Error in connection establishment: net::ERR_CONNECTION_REFUSED @ http://localhost:1420/@vite/client:1034
[ 5158890ms] [ERROR] WebSocket connection to 'ws://localhost:1420/' failed: Error in connection establishment: net::ERR_CONNECTION_REFUSED @ http://localhost:1420/@vite/client:1034
[ 5163843ms] [ERROR] WebSocket connection to 'ws://localhost:1420/' failed: Error in connection establishment: net::ERR_CONNECTION_REFUSED @ http://localhost:1420/@vite/client:1034
[ 5167496ms] [ERROR] WebSocket connection to 'ws://localhost:1420/' failed: Error in connection establishment: net::ERR_CONNECTION_REFUSED @ http://localhost:1420/@vite/client:1034
[ 5169565ms] [ERROR] WebSocket connection to 'ws://localhost:1420/' failed: Error in connection establishment: net::ERR_CONNECTION_REFUSED @ http://localhost:1420/@vite/client:1034
[ 5171767ms] [ERROR] WebSocket connection to 'ws://localhost:1420/' failed: Error in connection establishment: net::ERR_CONNECTION_REFUSED @ http://localhost:1420/@vite/client:1034
[ 5173786ms] [ERROR] WebSocket connection to 'ws://localhost:1420/' failed: Error in connection establishment: net::ERR_CONNECTION_REFUSED @ http://localhost:1420/@vite/client:1034
[ 5178634ms] [ERROR] WebSocket connection to 'ws://localhost:1420/' failed: Error in connection establishment: net::ERR_CONNECTION_REFUSED @ http://localhost:1420/@vite/client:1034
[ 5184433ms] [ERROR] WebSocket connection to 'ws://localhost:1420/' failed: Error in connection establishment: net::ERR_CONNECTION_REFUSED @ http://localhost:1420/@vite/client:1034
[ 5188293ms] [ERROR] WebSocket connection to 'ws://localhost:1420/' failed: Error in connection establishment: net::ERR_CONNECTION_REFUSED @ http://localhost:1420/@vite/client:1034
[ 5190624ms] [ERROR] WebSocket connection to 'ws://localhost:1420/' failed: Error in connection establishment: net::ERR_CONNECTION_REFUSED @ http://localhost:1420/@vite/client:1034
[ 5193275ms] [ERROR] WebSocket connection to 'ws://localhost:1420/' failed: Error in connection establishment: net::ERR_CONNECTION_REFUSED @ http://localhost:1420/@vite/client:1034
[ 5198911ms] [ERROR] WebSocket connection to 'ws://localhost:1420/' failed: Error in connection establishment: net::ERR_CONNECTION_REFUSED @ http://localhost:1420/@vite/client:1034
[ 5201797ms] [ERROR] WebSocket connection to 'ws://localhost:1420/' failed: Error in connection establishment: net::ERR_CONNECTION_REFUSED @ http://localhost:1420/@vite/client:1034
[ 5206288ms] [ERROR] WebSocket connection to 'ws://localhost:1420/' failed: Error in connection establishment: net::ERR_CONNECTION_REFUSED @ http://localhost:1420/@vite/client:1034
[ 5208493ms] [ERROR] WebSocket connection to 'ws://localhost:1420/' failed: Error in connection establishment: net::ERR_CONNECTION_REFUSED @ http://localhost:1420/@vite/client:1034
[ 5210878ms] [ERROR] WebSocket connection to 'ws://localhost:1420/' failed: Error in connection establishment: net::ERR_CONNECTION_REFUSED @ http://localhost:1420/@vite/client:1034
[ 5213832ms] [ERROR] WebSocket connection to 'ws://localhost:1420/' failed: Error in connection establishment: net::ERR_CONNECTION_REFUSED @ http://localhost:1420/@vite/client:1034
[ 5217052ms] [ERROR] WebSocket connection to 'ws://localhost:1420/' failed: Error in connection establishment: net::ERR_CONNECTION_REFUSED @ http://localhost:1420/@vite/client:1034
[ 5221731ms] [ERROR] WebSocket connection to 'ws://localhost:1420/' failed: Error in connection establishment: net::ERR_CONNECTION_REFUSED @ http://localhost:1420/@vite/client:1034
[ 5225333ms] [ERROR] WebSocket connection to 'ws://localhost:1420/' failed: Error in connection establishment: net::ERR_CONNECTION_REFUSED @ http://localhost:1420/@vite/client:1034
[ 5228821ms] [ERROR] WebSocket connection to 'ws://localhost:1420/' failed: Error in connection establishment: net::ERR_CONNECTION_REFUSED @ http://localhost:1420/@vite/client:1034
[ 5232203ms] [ERROR] WebSocket connection to 'ws://localhost:1420/' failed: Error in connection establishment: net::ERR_CONNECTION_REFUSED @ http://localhost:1420/@vite/client:1034
[ 5236734ms] [ERROR] WebSocket connection to 'ws://localhost:1420/' failed: Error in connection establishment: net::ERR_CONNECTION_REFUSED @ http://localhost:1420/@vite/client:1034
[ 5239761ms] [ERROR] WebSocket connection to 'ws://localhost:1420/' failed: Error in connection establishment: net::ERR_CONNECTION_REFUSED @ http://localhost:1420/@vite/client:1034
[ 5242452ms] [ERROR] WebSocket connection to 'ws://localhost:1420/' failed: Error in connection establishment: net::ERR_CONNECTION_REFUSED @ http://localhost:1420/@vite/client:1034
[ 5246135ms] [ERROR] WebSocket connection to 'ws://localhost:1420/' failed: Error in connection establishment: net::ERR_CONNECTION_REFUSED @ http://localhost:1420/@vite/client:1034
[ 5250570ms] [ERROR] WebSocket connection to 'ws://localhost:1420/' failed: Error in connection establishment: net::ERR_CONNECTION_REFUSED @ http://localhost:1420/@vite/client:1034
[ 5253693ms] [ERROR] WebSocket connection to 'ws://localhost:1420/' failed: Error in connection establishment: net::ERR_CONNECTION_REFUSED @ http://localhost:1420/@vite/client:1034
[ 5256436ms] [ERROR] WebSocket connection to 'ws://localhost:1420/' failed: Error in connection establishment: net::ERR_CONNECTION_REFUSED @ http://localhost:1420/@vite/client:1034
[ 5261210ms] [ERROR] WebSocket connection to 'ws://localhost:1420/' failed: Error in connection establishment: net::ERR_CONNECTION_REFUSED @ http://localhost:1420/@vite/client:1034
[ 5263800ms] [ERROR] WebSocket connection to 'ws://localhost:1420/' failed: Error in connection establishment: net::ERR_CONNECTION_REFUSED @ http://localhost:1420/@vite/client:1034
[ 5268325ms] [ERROR] WebSocket connection to 'ws://localhost:1420/' failed: Error in connection establishment: net::ERR_CONNECTION_REFUSED @ http://localhost:1420/@vite/client:1034
[ 5273421ms] [ERROR] WebSocket connection to 'ws://localhost:1420/' failed: Error in connection establishment: net::ERR_CONNECTION_REFUSED @ http://localhost:1420/@vite/client:1034
[ 5276100ms] [ERROR] WebSocket connection to 'ws://localhost:1420/' failed: Error in connection establishment: net::ERR_CONNECTION_REFUSED @ http://localhost:1420/@vite/client:1034
[ 5278536ms] [ERROR] WebSocket connection to 'ws://localhost:1420/' failed: Error in connection establishment: net::ERR_CONNECTION_REFUSED @ http://localhost:1420/@vite/client:1034
[ 5281017ms] [ERROR] WebSocket connection to 'ws://localhost:1420/' failed: Error in connection establishment: net::ERR_CONNECTION_REFUSED @ http://localhost:1420/@vite/client:1034
[ 5283564ms] [ERROR] WebSocket connection to 'ws://localhost:1420/' failed: Error in connection establishment: net::ERR_CONNECTION_REFUSED @ http://localhost:1420/@vite/client:1034
[ 5289377ms] [ERROR] WebSocket connection to 'ws://localhost:1420/' failed: Error in connection establishment: net::ERR_CONNECTION_REFUSED @ http://localhost:1420/@vite/client:1034
[ 5292542ms] [ERROR] WebSocket connection to 'ws://localhost:1420/' failed: Error in connection establishment: net::ERR_CONNECTION_REFUSED @ http://localhost:1420/@vite/client:1034
[ 5296090ms] [ERROR] WebSocket connection to 'ws://localhost:1420/' failed: Error in connection establishment: net::ERR_CONNECTION_REFUSED @ http://localhost:1420/@vite/client:1034
[ 5300134ms] [ERROR] WebSocket connection to 'ws://localhost:1420/' failed: Error in connection establishment: net::ERR_CONNECTION_REFUSED @ http://localhost:1420/@vite/client:1034
[ 5303401ms] [ERROR] WebSocket connection to 'ws://localhost:1420/' failed: Error in connection establishment: net::ERR_CONNECTION_REFUSED @ http://localhost:1420/@vite/client:1034
[ 5305850ms] [ERROR] WebSocket connection to 'ws://localhost:1420/' failed: Error in connection establishment: net::ERR_CONNECTION_REFUSED @ http://localhost:1420/@vite/client:1034
[ 5309309ms] [ERROR] WebSocket connection to 'ws://localhost:1420/' failed: Error in connection establishment: net::ERR_CONNECTION_REFUSED @ http://localhost:1420/@vite/client:1034
[ 5313175ms] [ERROR] WebSocket connection to 'ws://localhost:1420/' failed: Error in connection establishment: net::ERR_CONNECTION_REFUSED @ http://localhost:1420/@vite/client:1034
[ 5317768ms] [ERROR] WebSocket connection to 'ws://localhost:1420/' failed: Error in connection establishment: net::ERR_CONNECTION_REFUSED @ http://localhost:1420/@vite/client:1034
[ 5322996ms] [ERROR] WebSocket connection to 'ws://localhost:1420/' failed: Error in connection establishment: net::ERR_CONNECTION_REFUSED @ http://localhost:1420/@vite/client:1034
[ 5327045ms] [ERROR] WebSocket connection to 'ws://localhost:1420/' failed: Error in connection establishment: net::ERR_CONNECTION_REFUSED @ http://localhost:1420/@vite/client:1034
[ 5331788ms] [ERROR] WebSocket connection to 'ws://localhost:1420/' failed: Error in connection establishment: net::ERR_CONNECTION_REFUSED @ http://localhost:1420/@vite/client:1034
[ 5334626ms] [ERROR] WebSocket connection to 'ws://localhost:1420/' failed: Error in connection establishment: net::ERR_CONNECTION_REFUSED @ http://localhost:1420/@vite/client:1034
[ 5338884ms] [ERROR] WebSocket connection to 'ws://localhost:1420/' failed: Error in connection establishment: net::ERR_CONNECTION_REFUSED @ http://localhost:1420/@vite/client:1034
[ 5342843ms] [ERROR] WebSocket connection to 'ws://localhost:1420/' failed: Error in connection establishment: net::ERR_CONNECTION_REFUSED @ http://localhost:1420/@vite/client:1034
[ 5347393ms] [ERROR] WebSocket connection to 'ws://localhost:1420/' failed: Error in connection establishment: net::ERR_CONNECTION_REFUSED @ http://localhost:1420/@vite/client:1034
[ 5352011ms] [ERROR] WebSocket connection to 'ws://localhost:1420/' failed: Error in connection establishment: net::ERR_CONNECTION_REFUSED @ http://localhost:1420/@vite/client:1034
[ 5354918ms] [ERROR] WebSocket connection to 'ws://localhost:1420/' failed: Error in connection establishment: net::ERR_CONNECTION_REFUSED @ http://localhost:1420/@vite/client:1034
[ 5359001ms] [ERROR] WebSocket connection to 'ws://localhost:1420/' failed: Error in connection establishment: net::ERR_CONNECTION_REFUSED @ http://localhost:1420/@vite/client:1034
[ 5361779ms] [ERROR] WebSocket connection to 'ws://localhost:1420/' failed: Error in connection establishment: net::ERR_CONNECTION_REFUSED @ http://localhost:1420/@vite/client:1034
[ 5367165ms] [ERROR] WebSocket connection to 'ws://localhost:1420/' failed: Error in connection establishment: net::ERR_CONNECTION_REFUSED @ http://localhost:1420/@vite/client:1034
[ 5372345ms] [ERROR] WebSocket connection to 'ws://localhost:1420/' failed: Error in connection establishment: net::ERR_CONNECTION_REFUSED @ http://localhost:1420/@vite/client:1034
[ 5377993ms] [ERROR] WebSocket connection to 'ws://localhost:1420/' failed: Error in connection establishment: net::ERR_CONNECTION_REFUSED @ http://localhost:1420/@vite/client:1034
[ 5381865ms] [ERROR] WebSocket connection to 'ws://localhost:1420/' failed: Error in connection establishment: net::ERR_CONNECTION_REFUSED @ http://localhost:1420/@vite/client:1034
[ 5387470ms] [ERROR] WebSocket connection to 'ws://localhost:1420/' failed: Error in connection establishment: net::ERR_CONNECTION_REFUSED @ http://localhost:1420/@vite/client:1034
[ 5391970ms] [ERROR] WebSocket connection to 'ws://localhost:1420/' failed: Error in connection establishment: net::ERR_CONNECTION_REFUSED @ http://localhost:1420/@vite/client:1034
[ 5397489ms] [ERROR] WebSocket connection to 'ws://localhost:1420/' failed: Error in connection establishment: net::ERR_CONNECTION_REFUSED @ http://localhost:1420/@vite/client:1034
[ 5402521ms] [ERROR] WebSocket connection to 'ws://localhost:1420/' failed: Error in connection establishment: net::ERR_CONNECTION_REFUSED @ http://localhost:1420/@vite/client:1034
[ 5406836ms] [ERROR] WebSocket connection to 'ws://localhost:1420/' failed: Error in connection establishment: net::ERR_CONNECTION_REFUSED @ http://localhost:1420/@vite/client:1034
[ 5410880ms] [ERROR] WebSocket connection to 'ws://localhost:1420/' failed: Error in connection establishment: net::ERR_CONNECTION_REFUSED @ http://localhost:1420/@vite/client:1034
[ 5414021ms] [ERROR] WebSocket connection to 'ws://localhost:1420/' failed: Error in connection establishment: net::ERR_CONNECTION_REFUSED @ http://localhost:1420/@vite/client:1034
[ 5416202ms] [ERROR] WebSocket connection to 'ws://localhost:1420/' failed: Error in connection establishment: net::ERR_CONNECTION_REFUSED @ http://localhost:1420/@vite/client:1034
[ 5421380ms] [ERROR] WebSocket connection to 'ws://localhost:1420/' failed: Error in connection establishment: net::ERR_CONNECTION_REFUSED @ http://localhost:1420/@vite/client:1034
[ 5423574ms] [ERROR] WebSocket connection to 'ws://localhost:1420/' failed: Error in connection establishment: net::ERR_CONNECTION_REFUSED @ http://localhost:1420/@vite/client:1034
[ 5426767ms] [ERROR] WebSocket connection to 'ws://localhost:1420/' failed: Error in connection establishment: net::ERR_CONNECTION_REFUSED @ http://localhost:1420/@vite/client:1034
[ 5429203ms] [ERROR] WebSocket connection to 'ws://localhost:1420/' failed: Error in connection establishment: net::ERR_CONNECTION_REFUSED @ http://localhost:1420/@vite/client:1034
[ 5431362ms] [ERROR] WebSocket connection to 'ws://localhost:1420/' failed: Error in connection establishment: net::ERR_CONNECTION_REFUSED @ http://localhost:1420/@vite/client:1034
[ 5437166ms] [ERROR] WebSocket connection to 'ws://localhost:1420/' failed: Error in connection establishment: net::ERR_CONNECTION_REFUSED @ http://localhost:1420/@vite/client:1034
[ 5442164ms] [ERROR] WebSocket connection to 'ws://localhost:1420/' failed: Error in connection establishment: net::ERR_CONNECTION_REFUSED @ http://localhost:1420/@vite/client:1034
[ 5445945ms] [ERROR] WebSocket connection to 'ws://localhost:1420/' failed: Error in connection establishment: net::ERR_CONNECTION_REFUSED @ http://localhost:1420/@vite/client:1034
[ 5450430ms] [ERROR] WebSocket connection to 'ws://localhost:1420/' failed: Error in connection establishment: net::ERR_CONNECTION_REFUSED @ http://localhost:1420/@vite/client:1034
[ 5455776ms] [ERROR] WebSocket connection to 'ws://localhost:1420/' failed: Error in connection establishment: net::ERR_CONNECTION_REFUSED @ http://localhost:1420/@vite/client:1034
[ 5461569ms] [ERROR] WebSocket connection to 'ws://localhost:1420/' failed: Error in connection establishment: net::ERR_CONNECTION_REFUSED @ http://localhost:1420/@vite/client:1034
[ 5466421ms] [ERROR] WebSocket connection to 'ws://localhost:1420/' failed: Error in connection establishment: net::ERR_CONNECTION_REFUSED @ http://localhost:1420/@vite/client:1034
[ 5472417ms] [ERROR] WebSocket connection to 'ws://localhost:1420/' failed: Error in connection establishment: net::ERR_CONNECTION_REFUSED @ http://localhost:1420/@vite/client:1034
[ 5476524ms] [ERROR] WebSocket connection to 'ws://localhost:1420/' failed: Error in connection establishment: net::ERR_CONNECTION_REFUSED @ http://localhost:1420/@vite/client:1034
[ 5480270ms] [ERROR] WebSocket connection to 'ws://localhost:1420/' failed: Error in connection establishment: net::ERR_CONNECTION_REFUSED @ http://localhost:1420/@vite/client:1034
[ 5486009ms] [ERROR] WebSocket connection to 'ws://localhost:1420/' failed: Error in connection establishment: net::ERR_CONNECTION_REFUSED @ http://localhost:1420/@vite/client:1034
[ 5488954ms] [ERROR] WebSocket connection to 'ws://localhost:1420/' failed: Error in connection establishment: net::ERR_CONNECTION_REFUSED @ http://localhost:1420/@vite/client:1034
[ 5492083ms] [ERROR] WebSocket connection to 'ws://localhost:1420/' failed: Error in connection establishment: net::ERR_CONNECTION_REFUSED @ http://localhost:1420/@vite/client:1034
[ 5495772ms] [ERROR] WebSocket connection to 'ws://localhost:1420/' failed: Error in connection establishment: net::ERR_CONNECTION_REFUSED @ http://localhost:1420/@vite/client:1034
[ 5500020ms] [ERROR] WebSocket connection to 'ws://localhost:1420/' failed: Error in connection establishment: net::ERR_CONNECTION_REFUSED @ http://localhost:1420/@vite/client:1034
[ 5502684ms] [ERROR] WebSocket connection to 'ws://localhost:1420/' failed: Error in connection establishment: net::ERR_CONNECTION_REFUSED @ http://localhost:1420/@vite/client:1034
[ 5504917ms] [ERROR] WebSocket connection to 'ws://localhost:1420/' failed: Error in connection establishment: net::ERR_CONNECTION_REFUSED @ http://localhost:1420/@vite/client:1034
[ 5510216ms] [ERROR] WebSocket connection to 'ws://localhost:1420/' failed: Error in connection establishment: net::ERR_CONNECTION_REFUSED @ http://localhost:1420/@vite/client:1034
[ 5514105ms] [ERROR] WebSocket connection to 'ws://localhost:1420/' failed: Error in connection establishment: net::ERR_CONNECTION_REFUSED @ http://localhost:1420/@vite/client:1034
[ 5518146ms] [ERROR] WebSocket connection to 'ws://localhost:1420/' failed: Error in connection establishment: net::ERR_CONNECTION_REFUSED @ http://localhost:1420/@vite/client:1034
[ 5520917ms] [ERROR] WebSocket connection to 'ws://localhost:1420/' failed: Error in connection establishment: net::ERR_CONNECTION_REFUSED @ http://localhost:1420/@vite/client:1034
[ 5526908ms] [ERROR] WebSocket connection to 'ws://localhost:1420/' failed: Error in connection establishment: net::ERR_CONNECTION_REFUSED @ http://localhost:1420/@vite/client:1034
[ 5530683ms] [ERROR] WebSocket connection to 'ws://localhost:1420/' failed: Error in connection establishment: net::ERR_CONNECTION_REFUSED @ http://localhost:1420/@vite/client:1034
[ 5536398ms] [ERROR] WebSocket connection to 'ws://localhost:1420/' failed: Error in connection establishment: net::ERR_CONNECTION_REFUSED @ http://localhost:1420/@vite/client:1034
[ 5540131ms] [ERROR] WebSocket connection to 'ws://localhost:1420/' failed: Error in connection establishment: net::ERR_CONNECTION_REFUSED @ http://localhost:1420/@vite/client:1034
[ 5543329ms] [ERROR] WebSocket connection to 'ws://localhost:1420/' failed: Error in connection establishment: net::ERR_CONNECTION_REFUSED @ http://localhost:1420/@vite/client:1034
[ 5545887ms] [ERROR] WebSocket connection to 'ws://localhost:1420/' failed: Error in connection establishment: net::ERR_CONNECTION_REFUSED @ http://localhost:1420/@vite/client:1034
[ 5550571ms] [ERROR] WebSocket connection to 'ws://localhost:1420/' failed: Error in connection establishment: net::ERR_CONNECTION_REFUSED @ http://localhost:1420/@vite/client:1034
[ 5554629ms] [ERROR] WebSocket connection to 'ws://localhost:1420/' failed: Error in connection establishment: net::ERR_CONNECTION_REFUSED @ http://localhost:1420/@vite/client:1034
[ 5558897ms] [ERROR] WebSocket connection to 'ws://localhost:1420/' failed: Error in connection establishment: net::ERR_CONNECTION_REFUSED @ http://localhost:1420/@vite/client:1034
[ 5561848ms] [ERROR] WebSocket connection to 'ws://localhost:1420/' failed: Error in connection establishment: net::ERR_CONNECTION_REFUSED @ http://localhost:1420/@vite/client:1034
[ 5567654ms] [ERROR] WebSocket connection to 'ws://localhost:1420/' failed: Error in connection establishment: net::ERR_CONNECTION_REFUSED @ http://localhost:1420/@vite/client:1034
[ 5570088ms] [ERROR] WebSocket connection to 'ws://localhost:1420/' failed: Error in connection establishment: net::ERR_CONNECTION_REFUSED @ http://localhost:1420/@vite/client:1034
[ 5573771ms] [ERROR] WebSocket connection to 'ws://localhost:1420/' failed: Error in connection establishment: net::ERR_CONNECTION_REFUSED @ http://localhost:1420/@vite/client:1034
[ 5579101ms] [ERROR] WebSocket connection to 'ws://localhost:1420/' failed: Error in connection establishment: net::ERR_CONNECTION_REFUSED @ http://localhost:1420/@vite/client:1034
[ 5584291ms] [ERROR] WebSocket connection to 'ws://localhost:1420/' failed: Error in connection establishment: net::ERR_CONNECTION_REFUSED @ http://localhost:1420/@vite/client:1034
[ 5589304ms] [ERROR] WebSocket connection to 'ws://localhost:1420/' failed: Error in connection establishment: net::ERR_CONNECTION_REFUSED @ http://localhost:1420/@vite/client:1034
[ 5591556ms] [ERROR] WebSocket connection to 'ws://localhost:1420/' failed: Error in connection establishment: net::ERR_CONNECTION_REFUSED @ http://localhost:1420/@vite/client:1034
